seq_nr,entry_nr,script_nr,data,timestamp
15652,1,19,b'\x00\x00\x00\x00Cl\x00\x00\x00\x00\x00\x04\xb8\xcbv0',2022-05-18T17:56:09.358203
15653,2,19,b'\x00\x00\x00\x00D\x87\x90\x00\x00\xe0\x01\x04\xc4\xc9v1',2022-05-18T17:56:09.358203
15654,3,19,b'\x00\x00\x00\x00Df\x00\x00\x00\x00\x00\x04\xb8\xcbv0',2022-05-18T17:56:09.358203
15655,4,19,b'\x00\x00\x00\x00DoQ\x00\x00\xd0\x02\x08\xc4\xc9v1',2022-05-18T17:56:09.358203
15656,5,19,b'\x00\x00\x00\x00Dn\x00\x00\x00\x00\x00\x04\xb8\xcbv0',2022-05-18T17:56:09.358203
15657,6,19,b'\x00\x00\x00\x00E>`\x00\x00\x10\x03\x02\xc4\xc9v1',2022-05-18T17:56:09.358203
15658,7,19,b'\x00\x00\x00\x00Ed\x00\x00\x00\x00\x00\x04\xb8\xcbv0',2022-05-18T17:56:09.358203
15659,8,19,b'\x00\x00\x00\x00E\xbfQ\x00\x00\xa0\x03\x0b\xc4\xc9v1',2022-05-18T17:56:09.358203
15660,9,19,b'\x00\x00\x00\x00Fn\x00\x00\x00\x00\x00\x04\xb8\xcbv0',2022-05-18T17:56:09.358203
15661,10,19,b'\x00\x00\x00\x00F\xff0\x00\x00\xa0\x03\x06\xc4\xc9v1',2022-05-18T17:56:09.358203
15662,11,19,b'\x00\x00\x00\x00Fj\x00\x00\x00\x00\x00\x04\xb8\xcbv0',2022-05-18T17:56:09.358203
15663,12,19,b'\x00\x00\x00\x00F\x9d \x00\x00P\x03\x04\xc4\xc9v1',2022-05-18T17:56:09.358203
15664,13,19,b'\x00\x00\x00\x00Gj\x00\x00\x00\x00\x00\x04\xb8\xcbv0',2022-05-18T17:56:09.358203
15665,14,19,b'\x00\x00\x00\x00Gi\x10\x00\x00\x10\x03\x03\xc4\xc9v1',2022-05-18T17:56:09.358203
15666,15,19,b'\x00\x00\x00\x00G^\x00\x00\x00\x00\x00\x03\xb8\xcbv0',2022-05-18T17:56:09.358203
15667,16,19,b'\x00\x00\x00\x00GH\x01\x00\x00 \x03\x07\xc4\xc9v1',2022-05-18T17:56:09.358203
15668,17,19,b'\x00\x00\x00\x00H`\x00\x00\x00\x00\x00\x03\xb8\xcbv0',2022-05-18T17:56:09.358203
15669,18,19,b'\x00\x00\x00\x00GQ\x01\x00\x00\xd0\x02\x08\xc4\xc9v1',2022-05-18T17:56:09.358203
15670,19,19,b'\x00\x00\x00\x00H \x00\x00\x00\x00\x00\x01\x00\x00\x00\xc4',2022-05-18T17:56:09.358203
15671,20,19,b'\x00\x00\x00\x00H\x1f\x01\x00\x00 \x01\x06\x00\x00\x00\xc5',2022-05-18T17:56:09.358203
15672,21,19,b'\x00\x00\x00\x00I\x00\x00\x00\x00\x00\x00\x00\x00\x00\x00\xb0',2022-05-18T17:56:09.358203
15673,22,19,b'\x00\x00\x00\x00H\x00\x00\x00\x00\x00\x00\x00\x00\x00\x00\xb1',2022-05-18T17:56:09.358203
15674,23,19,b'\x00\x00\x00\x00I\x00\x00\x00\x00\x00\x00\x00\xa0\x8f>\x00',2022-05-18T17:56:09.358203
15675,24,19,b'\x00\x00\x00\x00H\x00\x00\x00\x00\x00\x00\x00\xa0\x8f>\x01',2022-05-18T17:56:09.358203
15676,25,19,b'\x00\x00\x00\x00I\x00\x00\x00\x00\x00\x00\x00\xa0\x8f>\x00',2022-05-18T17:56:09.358203
15677,26,19,b'\x00\x00\x00\x00I\x00\x00\x00\x00\x00\x00\x00\xa0\x8f>\x01',2022-05-18T17:56:09.358203
15678,27,19,b'\x00\x00\x00\x00J\x00\x00\x00\x00\x00\x00\x00\x00\x00\x00\x00',2022-05-18T17:56:09.358203
15679,28,19,b'\x00\x00\x00\x00I\x01\x00\x00\x00\x00\x00\x00\x00\x00\x00\x01',2022-05-18T17:56:09.358203
15680,29,19,b'\x00\x00\x00\x00J\x00\x00\x00\x00\x00\x00\x00\xa0\x8f>\x00',2022-05-18T17:56:09.358203
15681,30,19,b'\x00\x00\x00\x00I\x00\x00\x00\x00\x00\x00\x00\xa0\x8f>\x01',2022-05-18T17:56:09.358203
15682,31,19,b'\x00\x00\x00\x00K\x01\x00\x00\x01\x10\x00\x00\xa0\x8f>\x00',2022-05-18T17:56:09.358203
15683,32,19,b'\x00\x00\x00\x00J\x00\x00\x00\x00\x00\x00\x00\xa0\x8f>\x01',2022-05-18T17:56:09.358203
15684,33,19,b'\x00\x00\x00\x00K\x00\x00\x00\x00\x00\x00\x00\xa0\x8f>\x00',2022-05-18T17:56:09.358203
15685,34,19,b'\x00\x00\x00\x00J\x00\x00\x00\x00\x00\x00\x00\xa0\x8f>\x01',2022-05-18T17:56:09.358203
15686,35,19,b'\x00\x00\x00\x00K\x00\x00\x00\x00\x00\x00\x00\xa0\x8f>\x00',2022-05-18T17:56:09.358203
15687,36,19,b'\x00\x00\x00\x00J\x00\x00\x00\x00\x00\x00\x00\xa0\x8f>\x01',2022-05-18T17:56:09.358203
15688,37,19,b'\x00\x00\x00\x00L\x00\x00\x00\x00\x00\x00\x00\xa0\x8f>\x00',2022-05-18T17:56:09.358203
15689,38,19,b'\x00\x00\x00\x00J\x00\x00\x00\x00\x00\x00\x00\xa0\x8f>\x01',2022-05-18T17:56:09.358203
15690,39,19,b'\x00\x00\x00\x00L\x00\x00\x00\x00\x00\x00\x00\xa0\x8f>\x00',2022-05-18T17:56:09.358203
15691,40,19,b'\x00\x00\x00\x00K\x00\x00\x00\x00\x00\x00\x00\xa0\x8f>\x01',2022-05-18T17:56:09.358203
15692,41,19,b'\x00\x00\x00\x00L\x07\x10\x00\x04\x80\x00\x07\x0f\xff\x90\xe0',2022-05-18T17:56:09.358203
15693,42,19,b'\x00\x00\x00\x00K\x00\x00\x00\x00\x00\x00\x00\x0f\xff\x90\xe1',2022-05-18T17:56:09.358203
15694,43,19,b'\x00\x00\x00\x00L=\xe0\x00#`\x03:\x0f\xff\x90\xe0',2022-05-18T17:56:09.358203
15695,44,19,b'\x00\x00\x00\x00K\x0b\xb0\x00\x0b\xa0\x00\x11\x0f\xff\x90\xe1',2022-05-18T17:56:09.358203
15696,45,19,b'\x00\x00\x00\x00M8\xd0\x00 \xe0\x020\x0f\xff\x90\xe0',2022-05-18T17:56:09.358203
15697,46,19,b'\x00\x00\x00\x00K\x08\x90\x00\t\xa0\x00\x0e\x0f\xff\x90\xe1',2022-05-18T17:56:09.358203
15698,47,19,b'\x00\x00\x00\x00M.\xc0\x00\x1e\xe0\x02-\x0f\xff\x90\xe0',2022-05-18T17:56:09.358203
15699,48,19,b'\x00\x00\x00\x00K\x07\xa0\x00\t\x90\x00\x0e\x0f\xff\x90\xe1',2022-05-18T17:56:09.358203
15700,49,19,b'\x00\x00\x00\x00M2\xb0\x00\x1c\xb0\x02.\x0f\xff\x90\xe0',2022-05-18T17:56:09.358203
15701,50,19,b'\x00\x00\x00\x00L\x08\x80\x00\x08\x80\x00\r\x0f\xff\x90\xe1',2022-05-18T17:56:09.358203
15702,51,19,"b'\x00\x00\x00\x00M4\xa0\x00\x19\xd0\x02,\x0f\xff\x90\xe0'",2022-05-18T17:56:09.358203
15703,52,19,b'\x00\x00\x00\x00L\x08\xa0\x00\x07p\x00\x0c\x0f\xff\x90\xe1',2022-05-18T17:56:09.358203
15704,53,19,b'\x00\x00\x00\x00N5\xa0\x00\x1b\x00\x03.\x0f\xff\x90\xe0',2022-05-18T17:56:09.358203
15705,54,19,b'\x00\x00\x00\x00L\x06p\x00\x07`\x00\n\x0f\xff\x90\xe1',2022-05-18T17:56:09.358203
15706,55,19,b'\x00\x00\x00\x00N2\x80\x00\x18\x80\x02(\x0f\xff\x90\xe0',2022-05-18T17:56:09.358203
15707,56,19,b'\x00\x00\x00\x00L\x07\x80\x00\x07`\x00\n\x0f\xff\x90\xe1',2022-05-18T17:56:09.358203
15708,57,19,b'\x00\x00\x00\x00N6\x80\x00\x16\xc0\x02*\x0f\xff\x90\xe0',2022-05-18T17:56:09.358203
15709,58,19,b'\x00\x00\x00\x00L\x06\x80\x00\x06`\x00\t\x0f\xff\x90\xe1',2022-05-18T17:56:09.358203
15710,59,19,b'\x00\x00\x00\x00N6p\x00\x16\x80\x02*\x0f\xff\x90\xe0',2022-05-18T17:56:09.358203
15711,60,19,b'\x00\x00\x00\x00L\x06\xa0\x00\x07p\x00\x0b\x0f\xff\x90\xe1',2022-05-18T17:56:09.358203
15712,61,19,b'\x00\x00\x00\x00N7\x90\x00\x15\xc0\x02*\x0f\xff\x90\xe0',2022-05-18T17:56:09.358203
15713,62,19,b'\x00\x00\x00\x00M\x06\x90\x00\x06P\x00\t\x0f\xff\x90\xe1',2022-05-18T17:56:09.358203
15714,63,19,b'\x00\x00\x00\x00O4\x80\x00\x15\x90\x02)\x0f\xff\x90\xe0',2022-05-18T17:56:09.358203
15715,64,19,b'\x00\x00\x00\x00M\x05\xa0\x00\x06P\x00\t\x0f\xff\x90\xe1',2022-05-18T17:56:09.358203
15716,65,19,"b'\x00\x00\x00\x00O4p\x00\x16\xe0\x02,\x0f\xff\x90\xe0'",2022-05-18T17:56:09.358203
15717,66,19,b'\x00\x00\x00\x00M\x05\xb0\x00\x06P\x00\n\x0f\xff\x90\xe1',2022-05-18T17:56:09.358203
15718,67,19,"b""\x00\x00\x00\x00O-p\x00\x13\x90\x02'\x0f\xff\x90\xe0""",2022-05-18T17:56:09.358203
15719,68,19,b'\x00\x00\x00\x00M\x05\xb0\x00\x06@\x00\n\x0f\xff\x90\xe1',2022-05-18T17:56:09.358203
15720,69,19,b'\x00\x00\x00\x00O5\x80\x00\x15\x80\x02)\x0f\xff\x90\xe0',2022-05-18T17:56:09.358203
15721,70,19,b'\x00\x00\x00\x00M\x04\xe0\x00\x05P\x00\n\x0f\xff\x90\xe1',2022-05-18T17:56:09.358203
15722,71,19,b'\x00\x00\x00\x00O3p\x00\x14\x80\x02%\x0f\xff\x90\xe0',2022-05-18T17:56:09.358203
15723,72,19,b'\x00\x00\x00\x00M\x05\xd0\x00\x05P\x00\x0b\x0f\xff\x90\xe1',2022-05-18T17:56:09.358203
15724,73,19,"b""\x00\x00\x00\x00P1\x80\x00\x13\x90\x02'\x0f\xff\x90\xe0""",2022-05-18T17:56:09.358203
15725,74,19,b'\x00\x00\x00\x00N\x05\x00\x01\x05@\x00\x0c\x0f\xff\x90\xe1',2022-05-18T17:56:09.358203
15726,75,19,"b""\x00\x00\x00\x00P1p\x00\x13\x80\x02'\x0f\xff\x90\xe0""",2022-05-18T17:56:09.358203
15727,76,19,b'\x00\x00\x00\x00N\x05@\x01\x05@\x00\x0c\x0f\xff\x90\xe1',2022-05-18T17:56:09.358203
15728,77,19,b'\x00\x00\x00\x00P2p\x00\x12\x90\x02(\x0f\xff\x90\xe0',2022-05-18T17:56:09.358203
15729,78,19,b'\x00\x00\x00\x00N\x04P\x01\x050\x00\x0c\x0f\xff\x90\xe1',2022-05-18T17:56:09.358203
15730,79,19,b'\x00\x00\x00\x00P2`\x00\x11p\x02%\x0f\xff\x90\xe0',2022-05-18T17:56:09.358203
15731,80,19,b'\x00\x00\x00\x00N\x05p\x01\x05P\x00\x0e\x0f\xff\x90\xe1',2022-05-18T17:56:09.358203
15732,81,19,b'\x00\x00\x00\x00P2`\x00\x13p\x02&\x0f\xff\x90\xe0',2022-05-18T17:56:09.358203
15733,82,19,b'\x00\x00\x00\x00N\x05\xf0\x01\x06@\x00\x0f\x0f\xff\x90\xe1',2022-05-18T17:56:09.358203
15734,83,19,b'\x00\x00\x00\x00P4`\x00\x0fp\x02&\x0f\xff\x90\xe0',2022-05-18T17:56:09.358203
15735,84,19,b'\x00\x00\x00\x00N\x05\x10\x02\x06@\x00\x10\x0f\xff\x90\xe1',2022-05-18T17:56:09.358203
15736,85,19,"b'\x00\x00\x00\x00Q,`\x00\x11`\x02""\x0f\xff\x90\xe0'",2022-05-18T17:56:09.358203
15737,86,19,b'\x00\x00\x00\x00N\x05\xc0\x02\x07@\x00\x15\x0f\xff\x90\xe1',2022-05-18T17:56:09.358203
15738,87,19,b'\x00\x00\x00\x00Q0p\x00\x11`\x02#\x0f\xff\x90\xe0',2022-05-18T17:56:09.358203
15739,88,19,b'\x00\x00\x00\x00O\x05 \x03\x06@\x00\x16\x0f\xff\x90\xe1',2022-05-18T17:56:09.358203
15740,89,19,b'\x00\x00\x00\x00Q2`\x00\x12\x80\x02&\x0f\xff\x90\xe0',2022-05-18T17:56:09.358203
15741,90,19,b'\x00\x00\x00\x00O\x05\xc0\x03\x06P\x00\x1b\x0f\xff\x90\xe1',2022-05-18T17:56:09.358203
15742,91,19,b'\x00\x00\x00\x00Q-p\x00\x12\x90\x02%\x0f\xff\x90\xe0',2022-05-18T17:56:09.358203
15743,92,19,b'\x00\x00\x00\x00O\x04\x80\x04\x06@\x00\x1b\x0f\xff\x90\xe1',2022-05-18T17:56:09.358203
15744,93,19,b'\x00\x00\x00\x00Q-p\x00\x10\x80\x02$\x0f\xff\x90\xe0',2022-05-18T17:56:09.358203
15745,94,19,b'\x00\x00\x00\x00O\x04p\x05\x05@\x00!\x0f\xff\x90\xe1',2022-05-18T17:56:09.358203
15746,95,19,"b'\x00\x00\x00\x00Q1`\x00\x11@\x02""\x0f\xff\x90\xe0'",2022-05-18T17:56:09.358203
15747,96,19,b'\x00\x00\x00\x00O\x05 \x06\x05@\x00#\x0f\xff\x90\xe1',2022-05-18T17:56:09.358203
15748,97,19,b'\x00\x00\x00\x00Q-`\x00\x11`\x02!\x0f\xff\x90\xe0',2022-05-18T17:56:09.358203
15749,98,19,b'\x00\x00\x00\x00O\x04\xe0\x06\x06@\x00)\x0f\xff\x90\xe1',2022-05-18T17:56:09.358203
15750,99,19,b'\x00\x00\x00\x00R0`\x00\x12p\x02%\x0f\xff\x90\xe0',2022-05-18T17:56:09.358203
15751,100,19,b'\x00\x00\x00\x00O\x04\xc0\x06\x04@\x00&\x0f\xff\x90\xe1',2022-05-18T17:56:09.358203
15752,101,19,b'\x00\x00\x00\x00R0`\x00\x11P\x02#\x0f\xff\x90\xe0',2022-05-18T17:56:09.358203
15753,102,19,b'\x00\x00\x00\x00P\x04\xc0\x06\x06@\x00%\x0f\xff\x90\xe1',2022-05-18T17:56:09.358203
15754,103,19,b'\x00\x00\x00\x00R2p\x00\x10\x10\x02%\x0f\xff\x90\xe0',2022-05-18T17:56:09.358203
15755,104,19,b'\x00\x00\x00\x00P\x04\x00\x06\x06@\x00#\x0f\xff\x90\xe1',2022-05-18T17:56:09.358203
15756,105,19,b'\x00\x00\x00\x00R2p\x00\x11\x80\x02%\x0f\xff\x90\xe0',2022-05-18T17:56:09.358203
15757,106,19,b'\x00\x00\x00\x00P\x04\x00\x06\x07@\x00%\x0f\xff\x90\xe1',2022-05-18T17:56:09.358203
15758,107,19,b'\x00\x00\x00\x00R/`\x00\x10\x10\x02 \x0f\xff\x90\xe0',2022-05-18T17:56:09.358203
15759,108,19,b'\x00\x00\x00\x00P\x05\xf0\x06\x07P\x00)\x0f\xff\x90\xe1',2022-05-18T17:56:09.358203
15760,109,19,"b'\x00\x00\x00\x00R0p\x00\x11 \x02""\x0f\xff\x90\xe0'",2022-05-18T17:56:09.358203
15761,110,19,b'\x00\x00\x00\x00P\x04\xb0\x06\x06@\x00&\x0f\xff\x90\xe1',2022-05-18T17:56:09.358203
15762,111,19,"b'\x00\x00\x00\x00R,p\x00\x11\x10\x02!\x0f\xff\x90\xe0'",2022-05-18T17:56:09.358203
15763,112,19,"b""\x00\x00\x00\x00P\x05\x90\x06\x07P\x00'\x0f\xff\x90\xe1""",2022-05-18T17:56:09.358203
15764,113,19,b'\x00\x00\x00\x00R3p\x00\x13P\x02%\x0f\xff\x90\xe0',2022-05-18T17:56:09.358203
15765,114,19,"b""\x00\x00\x00\x00P\x05`\x06\x06@\x00'\x0f\xff\x90\xe1""",2022-05-18T17:56:09.358203
15766,115,19,b'\x00\x00\x00\x00S3\x80\x00\x15`\x02)\x0f\xff\x90\xe0',2022-05-18T17:56:09.358203
15767,116,19,b'\x00\x00\x00\x00P\x05\x10\x06\x07P\x00%\x0f\xff\x90\xe1',2022-05-18T17:56:09.358203
15768,117,19,b'\x00\x00\x00\x00S4p\x00\x140\x02&\x0f\xff\x90\xe0',2022-05-18T17:56:09.358203
15769,118,19,b'\x00\x00\x00\x00Q\x06p\x05\x07P\x00 \x0f\xff\x90\xe1',2022-05-18T17:56:09.358203
15770,119,19,"b'\x00\x00\x00\x00S/p\x00\x14`\x02""\x0f\xff\x90\xe0'",2022-05-18T17:56:09.358203
15771,120,19,b'\x00\x00\x00\x00Q\x05@\x05\x07P\x00 \x0f\xff\x90\xe1',2022-05-18T17:56:09.358203
15772,121,19,b'\x00\x00\x00\x00S.p\x00\x14`\x02%\x0f\xff\x90\xe0',2022-05-18T17:56:09.358203
15773,122,19,b'\x00\x00\x00\x00Q\x05 \x05\x07`\x00\x1f\x0f\xff\x90\xe1',2022-05-18T17:56:09.358203
15774,123,19,b'\x00\x00\x00\x00S2\x90\x00\x160\x02(\x0f\xff\x90\xe0',2022-05-18T17:56:09.358203
15775,124,19,b'\x00\x00\x00\x00Q\x06\xb0\x04\x07P\x00\x1f\x0f\xff\x90\xe1',2022-05-18T17:56:09.358203
15776,125,19,b'\x00\x00\x00\x00S1\x90\x00\x18\x80\x02+\x0f\xff\x90\xe0',2022-05-18T17:56:09.358203
15777,126,19,b'\x00\x00\x00\x00Q\x07`\x04\nP\x00 \x0f\xff\x90\xe1',2022-05-18T17:56:09.358203
15778,127,19,b'\x00\x00\x00\x00S.\xb0\x00\x1aP\x02(\x0f\xff\x90\xe0',2022-05-18T17:56:09.359204
15779,128,19,b'\x00\x00\x00\x00Q\x07@\x04\t`\x00\x1e\x0f\xff\x90\xe1',2022-05-18T17:56:09.359204
15780,129,19,"b'\x00\x00\x00\x00S,\xb0\x00\x1bP\x02*\x0f\xff\x90\xe0'",2022-05-18T17:56:09.359204
15781,130,19,b'\x00\x00\x00\x00Q\x07\xf0\x03\x0bp\x00\x1d\x0f\xff\x90\xe1',2022-05-18T17:56:09.359204
15782,131,19,b'\x00\x00\x00\x00T*\xb0\x00\x1cP\x02(\x0f\xff\x90\xe0',2022-05-18T17:56:09.359204
15783,132,19,b'\x00\x00\x00\x00Q\x08\x00\x04\tp\x00\x1e\x0f\xff\x90\xe1',2022-05-18T17:56:09.359204
15784,133,19,"b'\x00\x00\x00\x00T2\xc0\x00\x1b@\x02,\x0f\xff\x90\xe0'",2022-05-18T17:56:09.359204
15785,134,19,b'\x00\x00\x00\x00Q\t\xb0\x03\x0c\x80\x00\x1e\x0f\xff\x90\xe1',2022-05-18T17:56:09.359204
15786,135,19,b'\x00\x00\x00\x00T5\xb0\x00\x1dP\x02)\x0f\xff\x90\xe0',2022-05-18T17:56:09.359204
15787,136,19,b'\x00\x00\x00\x00R\x08\x80\x03\x0b\x90\x00\x1d\x0f\xff\x90\xe1',2022-05-18T17:56:09.359204
15788,137,19,b'\x00\x00\x00\x00T2\xe0\x00 P\x02/\x0f\xff\x90\xe0',2022-05-18T17:56:09.359204
15789,138,19,b'\x00\x00\x00\x00R\x0b\xa0\x03\x0e\x90\x00 \x0f\xff\x90\xe1',2022-05-18T17:56:09.359204
15790,139,19,"b'\x00\x00\x00\x00T1\xe0\x00""P\x020\x0f\xff\x90\xe0'",2022-05-18T17:56:09.359204
15791,140,19,b'\x00\x00\x00\x00R\n\x80\x03\x0e\xa0\x00\x1f\x0f\xff\x90\xe1',2022-05-18T17:56:09.359204
15792,141,19,b'\x00\x00\x00\x00T6\xe0\x00!p\x021\x0f\xff\x90\xe0',2022-05-18T17:56:09.359204
15793,142,19,b'\x00\x00\x00\x00R\x0b0\x03\x0f\x90\x00\x1e\x0f\xff\x90\xe1',2022-05-18T17:56:09.359204
15794,143,19,"b'\x00\x00\x00\x00T4\xf0\x00""P\x02/\x0f\xff\x90\xe0'",2022-05-18T17:56:09.359204
15795,144,19,b'\x00\x00\x00\x00R\r@\x03\x0e\x90\x00\x1e\x0f\xff\x90\xe1',2022-05-18T17:56:09.359204
15796,145,19,b'\x00\x00\x00\x00T-\x10\x01!0\x02+\x0f\xff\x90\xe0',2022-05-18T17:56:09.359204
15797,146,19,b'\x00\x00\x00\x00R\x0c`\x03\x0e\xc0\x00!\x0f\xff\x90\xe1',2022-05-18T17:56:09.359204
15798,147,19,b'\x00\x00\x00\x00U6\x10\x01#`\x021\x0f\xff\x90\xe0',2022-05-18T17:56:09.359204
15799,148,19,b'\x00\x00\x00\x00R\x0c\x10\x03\x10\xa0\x00 \x0f\xff\x90\xe1',2022-05-18T17:56:09.359204
15800,149,19,b'\x00\x00\x00\x00U7\x10\x01)\x90\x026\x0f\xff\x90\xe0',2022-05-18T17:56:09.359204
15801,150,19,b'\x00\x00\x00\x00R\x0f`\x03\x10\xe0\x00$\x0f\xff\x90\xe1',2022-05-18T17:56:09.359204
15802,151,19,"b'\x00\x00\x00\x00U+ \x01""P\x02/\x0f\xff\x90\xe0'",2022-05-18T17:56:09.359204
15803,152,19,b'\x00\x00\x00\x00R\r0\x03\x10\xb0\x00 \x0f\xff\x90\xe1',2022-05-18T17:56:09.359204
15804,153,19,"b""\x00\x00\x00\x00U50\x01'p\x022\x0f\xff\x90\xe0""",2022-05-18T17:56:09.359204
15805,154,19,b'\x00\x00\x00\x00R\x0e \x03\x10\xd0\x00!\x0f\xff\x90\xe1',2022-05-18T17:56:09.359204
15806,155,19,b'\x00\x00\x00\x00U30\x01%p\x026\x0f\xff\x90\xe0',2022-05-18T17:56:09.359204
15807,156,19,b'\x00\x00\x00\x00R\x0f\xa0\x03\x11\xd0\x00$\x0f\xff\x90\xe1',2022-05-18T17:56:09.359204
15808,157,19,b'\x00\x00\x00\x00U5`\x01*\x90\x029\x0f\xff\x90\xe0',2022-05-18T17:56:09.359204
15809,158,19,b'\x00\x00\x00\x00R\x0fp\x03\x11\xd0\x00#\x0f\xff\x90\xe1',2022-05-18T17:56:09.359204
15810,159,19,"b""\x00\x00\x00\x00U0P\x01'@\x021\x0f\xff\x90\xe0""",2022-05-18T17:56:09.359204
15811,160,19,"b""\x00\x00\x00\x00R\x11@\x03\x13\xf0\x00'\x0f\xff\x90\xe1""",2022-05-18T17:56:09.359204
15812,161,19,"b""\x00\x00\x00\x00U4`\x01'P\x025\x0f\xff\x90\xe0""",2022-05-18T17:56:09.359204
15813,162,19,b'\x00\x00\x00\x00S\x10`\x03\x13\xf0\x00&\x0f\xff\x90\xe1',2022-05-18T17:56:09.359204
15814,163,19,b'\x00\x00\x00\x00U9p\x01-\x90\x02<\x0f\xff\x90\xe0',2022-05-18T17:56:09.359204
15815,164,19,"b""\x00\x00\x00\x00S\x11\x80\x03\x13\xe0\x00'\x0f\xff\x90\xe1""",2022-05-18T17:56:09.359204
15816,165,19,b'\x00\x00\x00\x00U0\x80\x01)P\x027\x0f\xff\x90\xe0',2022-05-18T17:56:09.359204
15817,166,19,b'\x00\x00\x00\x00S\x11P\x03\x12\x00\x01(\x0f\xff\x90\xe1',2022-05-18T17:56:09.359204
15818,167,19,"b""\x00\x00\x00\x00V-`\x01'P\x024\x0f\xff\x90\xe0""",2022-05-18T17:56:09.359204
15819,168,19,b'\x00\x00\x00\x00S\x10\xb0\x03\x13\xe0\x00)\x0f\xff\x90\xe1',2022-05-18T17:56:09.359204
15820,169,19,b'\x00\x00\x00\x00V0P\x01(P\x024\x0f\xff\x90\xe0',2022-05-18T17:56:09.359204
15821,170,19,b'\x00\x00\x00\x00S\x11p\x03\x12\xe0\x00%\x0f\xff\x90\xe1',2022-05-18T17:56:09.359204
15822,171,19,b'\x00\x00\x00\x00V2p\x01(`\x027\x0f\xff\x90\xe0',2022-05-18T17:56:09.359204
15823,172,19,"b""\x00\x00\x00\x00S\x10\xa0\x03\x13\xd0\x00'\x0f\xff\x90\xe1""",2022-05-18T17:56:09.359204
15824,173,19,b'\x00\x00\x00\x00V5p\x01+\xa0\x02=\x0f\xff\x90\xe0',2022-05-18T17:56:09.359204
15825,174,19,"b""\x00\x00\x00\x00S\x10\xc0\x03\x13\xf0\x00'\x0f\xff\x90\xe1""",2022-05-18T17:56:09.359204
15826,175,19,"b'\x00\x00\x00\x00V6\x80\x01,\x90\x029\x0f\xff\x90\xe0'",2022-05-18T17:56:09.359204
15827,176,19,b'\x00\x00\x00\x00S\x11\xc0\x03\x13\xf0\x00&\x0f\xff\x90\xe1',2022-05-18T17:56:09.359204
15828,177,19,b'\x00\x00\x00\x00VA`\x01/\xc0\x02@\x0f\xff\x90\xe0',2022-05-18T17:56:09.359204
15829,178,19,b'\x00\x00\x00\x00S\x11`\x03\x12\xf0\x00$\x0f\xff\x90\xe1',2022-05-18T17:56:09.359204
15830,179,19,b'\x00\x00\x00\x00V:\x80\x01-\xa0\x02>\x0f\xff\x90\xe0',2022-05-18T17:56:09.359204
15831,180,19,b'\x00\x00\x00\x00S\x11\xc0\x03\x12\xf0\x00$\x0f\xff\x90\xe1',2022-05-18T17:56:09.359204
15832,181,19,b'\x00\x00\x00\x00V<\x80\x01.\xb0\x02>\x0f\xff\x90\xe0',2022-05-18T17:56:09.359204
15833,182,19,b'\x00\x00\x00\x00S\x11\x80\x03\x13\xf0\x00$\x0f\xff\x90\xe1',2022-05-18T17:56:09.359204
15834,183,19,b'\x00\x00\x00\x00V-`\x01% \x021\x0f\xff\x90\xe0',2022-05-18T17:56:09.359204
15835,184,19,b'\x00\x00\x00\x00S\x0e\x90\x03\x11\xd0\x00#\x0f\xff\x90\xe1',2022-05-18T17:56:09.359204
15836,185,19,b'\x00\x00\x00\x00V.`\x01# \x020\x0f\xff\x90\xe0',2022-05-18T17:56:09.359204
15837,186,19,b'\x00\x00\x00\x00S\x10\x10\x04\x10\xd0\x00$\x0f\xff\x90\xe1',2022-05-18T17:56:09.359204
15838,187,19,b'\x00\x00\x00\x00V=0\x01(\x90\x026\x0f\xff\x90\xe0',2022-05-18T17:56:09.359204
15839,188,19,b'\x00\x00\x00\x00S\r\xd0\x03\x11\xc0\x00!\x0f\xff\x90\xe1',2022-05-18T17:56:09.359204
15840,189,19,b'\x00\x00\x00\x00W7P\x01&`\x024\x0f\xff\x90\xe0',2022-05-18T17:56:09.359204
15841,190,19,b'\x00\x00\x00\x00S\x0f\xd0\x03\x10\xd0\x00%\x0f\xff\x90\xe1',2022-05-18T17:56:09.359204
15842,191,19,b'\x00\x00\x00\x00W70\x01)p\x028\x0f\xff\x90\xe0',2022-05-18T17:56:09.359204
15843,192,19,b'\x00\x00\x00\x00T\x0e\x10\x04\x0f\xd0\x00$\x0f\xff\x90\xe1',2022-05-18T17:56:09.359204
15844,193,19,"b""\x00\x00\x00\x00W<0\x01'`\x026\x0f\xff\x90\xe0""",2022-05-18T17:56:09.359204
15845,194,19,b'\x00\x00\x00\x00T\r\x10\x04\x0e\xd0\x00$\x0f\xff\x90\xe1',2022-05-18T17:56:09.359204
15846,195,19,b'\x00\x00\x00\x00W4\x10\x01%0\x02/\x0f\xff\x90\xe0',2022-05-18T17:56:09.359204
15847,196,19,b'\x00\x00\x00\x00T\x0c\x10\x04\r\xa0\x00!\x0f\xff\x90\xe1',2022-05-18T17:56:09.359204
15848,197,19,"b'\x00\x00\x00\x00W8\x10\x01""0\x024\x0f\xff\x90\xe0'",2022-05-18T17:56:09.359204
15849,198,19,b'\x00\x00\x00\x00T\r\xf0\x03\x0e\xb0\x00!\x0f\xff\x90\xe1',2022-05-18T17:56:09.359204
15850,199,19,b'\x00\x00\x00\x00W6\x10\x01$ \x025\x0f\xff\x90\xe0',2022-05-18T17:56:09.359204
15851,200,19,b'\x00\x00\x00\x00T\n\xe0\x03\x0c\xa0\x00\x1f\x0f\xff\x90\xe1',2022-05-18T17:56:09.359204
15852,201,19,b'\x00\x00\x00\x00W)\x10\x01\x1f\x00\x02)\x0f\xff\x90\xe0',2022-05-18T17:56:09.359204
15853,202,19,b'\x00\x00\x00\x00T\x0b\xc0\x03\x0c\xa0\x00\x1e\x0f\xff\x90\xe1',2022-05-18T17:56:09.359204
15854,203,19,"b'\x00\x00\x00\x00W,\xf0\x00#\x00\x02+\x0f\xff\x90\xe0'",2022-05-18T17:56:09.359204
15855,204,19,b'\x00\x00\x00\x00T\x0c\xd0\x03\x0c\x90\x00\x1e\x0f\xff\x90\xe1',2022-05-18T17:56:09.359204
15856,205,19,b'\x00\x00\x00\x00W\r@\x00\x07\x90\x00\x0c\x00\x00\x00\xc4',2022-05-18T17:56:09.359204
15857,206,19,b'\x00\x00\x00\x00T\x040\x01\x040\x00\n\x00\x00\x00\xc5',2022-05-18T17:56:09.359204
15858,207,19,b'\x00\x00\x00\x00G\x00\x00\x00\x00\x00\x00\x00\x00\x00\x00\x08\x00\x00\x00\x00F\x00\x00\x00\x00\x00\x00\x00\x00\x00\x00\t',2022-05-18T17:56:09.359204
15859,208,19,b'\x00\x00\x00\x00H\x00\x00\x00\x00\x00\x00\x00\xb8\xcbv0',2022-05-18T17:56:09.359204
15860,209,19,b'\x00\x00\x00\x00G\x01\x00\x00\x00\x00\x00\x00\xc4\xc9v1',2022-05-18T17:56:09.359204
15861,210,19,b'\x00\x00\x00\x00Id\x00\x00\x00\x00\x00\x02\xb8\xcbv0',2022-05-18T17:56:09.359204
15862,211,19,b'\x00\x00\x00\x00H^\x11\x00\x00\xa0\x01\x05\xc4\xc9v1',2022-05-18T17:56:09.359204
15863,212,19,b'\x00\x00\x00\x00J\x0c\x00\x00\x00\x00\x00\x00\x00\x00\x00\xc4',2022-05-18T17:56:09.359204
15864,213,19,"b'\x00\x00\x00\x00I,\x00\x00\x00\x80\x00\x00\x00\x00\x00\xc5'",2022-05-18T17:56:09.359204
15865,214,19,b'\x00\x00\x00\x00J\x00\x00\x00\x00\x00\x00\x00\x00\x00\x00\xb0',2022-05-18T17:56:09.359204
15866,215,19,b'\x00\x00\x00\x00I\x00\x00\x00\x00\x00\x00\x00\x00\x00\x00\xb1',2022-05-18T17:56:09.359204
15867,216,19,b'\x00\x00\x00\x00K\x00\x00\x00\x00\x00\x00\x00\xa0\x8f>\x00',2022-05-18T17:56:09.359204
15868,217,19,b'\x00\x00\x00\x00J\x00\x00\x00\x00\x00\x00\x00\xa0\x8f>\x01',2022-05-18T17:56:09.359204
15869,218,19,b'\x00\x00\x00\x00K\x00\x00\x00\x00\x00\x00\x00\xa0\x8f>\x00',2022-05-18T17:56:09.360204
15870,219,19,b'\x00\x00\x00\x00J\x00\x00\x00\x00\x00\x00\x00\xa0\x8f>\x01',2022-05-18T17:56:09.360204
15871,220,19,b'\x00\x00\x00\x00L\x00\x00\x00\x00\x00\x00\x00\x00\x00\x00\x00',2022-05-18T17:56:09.360204
15872,221,19,b'\x00\x00\x00\x00K\x01\x00\x00\x00\x00\x00\x00\x00\x00\x00\x01',2022-05-18T17:56:09.360204
15873,222,19,b'\x00\x00\x00\x00M\x00\x00\x00\x00\x00\x00\x00\xa0\x8f>\x00',2022-05-18T17:56:09.360204
15874,223,19,b'\x00\x00\x00\x00K\x00\x00\x00\x00\x00\x00\x00\xa0\x8f>\x01',2022-05-18T17:56:09.360204
15875,224,19,b'\x00\x00\x00\x00M\x01\x00\x00\x00\x00\x00\x00\xa0\x8f>\x00',2022-05-18T17:56:09.360204
15876,225,19,b'\x00\x00\x00\x00L\x00\x00\x00\x00\x00\x00\x00\xa0\x8f>\x01',2022-05-18T17:56:09.360204
15877,226,19,b'\x00\x00\x00\x00N\x00\x00\x00\x00\x00\x00\x00\xa0\x8f>\x00',2022-05-18T17:56:09.360204
15878,227,19,b'\x00\x00\x00\x00L\x00\x00\x00\x00\x00\x00\x00\xa0\x8f>\x01',2022-05-18T17:56:09.360204
15879,228,19,b'\x00\x00\x00\x00N\x00\x00\x00\x00\x00\x00\x00\xa0\x8f>\x00',2022-05-18T17:56:09.360204
15880,229,19,b'\x00\x00\x00\x00M\x00\x00\x00\x00\x00\x00\x00\xa0\x8f>\x01',2022-05-18T17:56:09.360204
15881,230,19,b'\x00\x00\x00\x00N\x00\x00\x00\x00\x00\x00\x00\xa0\x8f>\x00',2022-05-18T17:56:09.360204
15882,231,19,b'\x00\x00\x00\x00M\x00\x00\x00\x00\x00\x00\x00\xa0\x8f>\x01',2022-05-18T17:56:09.360204
15883,232,19,b'\x00\x00\x00\x00O\x00\x00\x00\x00\x00\x00\x00\xa0\x8f>\x00',2022-05-18T17:56:09.360204
15884,233,19,b'\x00\x00\x00\x00M\x00\x00\x00\x00\x00\x00\x00\xa0\x8f>\x01',2022-05-18T17:56:09.360204
15885,234,19,b'\x00\x00\x00\x00O\x07@\x00\tp\x00\t\x0f\xff\x90\xe0',2022-05-18T17:56:09.360204
15886,235,19,b'\x00\x00\x00\x00M\x00\x00\x00\x00\x00\x00\x00\x0f\xff\x90\xe1',2022-05-18T17:56:09.360204
15887,236,19,b'\x00\x00\x00\x00OA\x90\x02T\x90\x03Q\x0f\xff\x90\xe0',2022-05-18T17:56:09.360204
15888,237,19,b'\x00\x00\x00\x00N*\xd0\x02* \x02:\x0f\xff\x90\xe1',2022-05-18T17:56:09.360204
15889,238,19,b'\x00\x00\x00\x00PS \x03s\xc0\x04q\x0f\xff\x90\xe0\x00\x00\x00\x00N3\x80\x04:\xa0\x02O\x0f\xff\x90\xe1',2022-05-18T17:56:09.360204
15890,239,19,b'\x00\x00\x00\x00P_\xc0\x03\x89`\x05\x84\x0f\xff\x90\xe0',2022-05-18T17:56:09.360204
15891,240,19,b'\x00\x00\x00\x00N(\xd0\x03/ \x02>\x0f\xff\x90\xe1',2022-05-18T17:56:09.360204
15892,241,19,b'\x00\x00\x00\x00PM\x10\x03b \x04c\x0f\xff\x90\xe0',2022-05-18T17:56:09.360204
15893,242,19,b'\x00\x00\x00\x00N/\x90\x049\x80\x02N\x0f\xff\x90\xe1',2022-05-18T17:56:09.360204
15894,243,19,b'\x00\x00\x00\x00QJ \x03b`\x04j\x0f\xff\x90\xe0',2022-05-18T17:56:09.360204
15895,244,19,"b'\x00\x00\x00\x00O\x1f\x10\x02\x1f\xd0\x01,\x0f\xff\x90\xe1'",2022-05-18T17:56:09.360204
15896,245,19,b'\x00\x00\x00\x00QA\xb0\x02M\xb0\x03Y\x0f\xff\x90\xe0',2022-05-18T17:56:09.360204
15897,246,19,b'\x00\x00\x00\x00O%`\x04+\x10\x02?\x0f\xff\x90\xe1',2022-05-18T17:56:09.360204
15898,247,19,b'\x00\x00\x00\x00QG\xa0\x02J\xc0\x03]\x0f\xff\x90\xe0',2022-05-18T17:56:09.360204
15899,248,19,b'\x00\x00\x00\x00O$ \x05(\x00\x02D\x0f\xff\x90\xe1',2022-05-18T17:56:09.360204
15900,249,19,b'\x00\x00\x00\x00Q;\xc0\x01<P\x03I\x0f\xff\x90\xe0',2022-05-18T17:56:09.360204
15901,250,19,b'\x00\x00\x00\x00O \xc0\x06#\xa0\x01F\x0f\xff\x90\xe1',2022-05-18T17:56:09.360204
15902,251,19,b'\x00\x00\x00\x00R:`\x011 \x03B\x0f\xff\x90\xe0',2022-05-18T17:56:09.360204
15903,252,19,b'\x00\x00\x00\x00O\x14\x90\x03\x18\xf0\x00(\x0f\xff\x90\xe1',2022-05-18T17:56:09.360204
15904,253,19,"b""\x00\x00\x00\x00R70\x01'\xb0\x025\x0f\xff\x90\xe0""",2022-05-18T17:56:09.360204
15905,254,19,b'\x00\x00\x00\x00P\x0e\x90\x06\x14\xe0\x004\x0f\xff\x90\xe1',2022-05-18T17:56:09.360204
15906,255,19,b'\x00\x00\x00\x00R/\x00\x01#\xc0\x023\x0f\xff\x90\xe0',2022-05-18T17:56:09.360204
15907,256,19,b'\x00\x00\x00\x00P\x0c`\x07\x12\xc0\x002\x0f\xff\x90\xe1',2022-05-18T17:56:09.360204
15908,257,19,b'\x00\x00\x00\x00R-\x10\x01!0\x02-\x0f\xff\x90\xe0',2022-05-18T17:56:09.360204
15909,258,19,b'\x00\x00\x00\x00P\x0b\x10\x07\x10\xa0\x001\x0f\xff\x90\xe1',2022-05-18T17:56:09.360204
15910,259,19,b'\x00\x00\x00\x00R-\xf0\x00 \x80\x020\x0f\xff\x90\xe0',2022-05-18T17:56:09.360204
15911,260,19,b'\x00\x00\x00\x00P\r\x00\x08\x0f\xb0\x007\x0f\xff\x90\xe1',2022-05-18T17:56:09.360204
15912,261,19,b'\x00\x00\x00\x00S+\x00\x01\x1dp\x02+\x0f\xff\x90\xe0',2022-05-18T17:56:09.360204
15913,262,19,b'\x00\x00\x00\x00P\x0b@\x06\x0f\xa0\x00.\x0f\xff\x90\xe1',2022-05-18T17:56:09.360204
15914,263,19,b'\x00\x00\x00\x00S/\xd0\x00\x1d0\x02+\x0f\xff\x90\xe0',2022-05-18T17:56:09.360204
15915,264,19,b'\x00\x00\x00\x00P\t\xb0\x06\x0c\x80\x00-\x0f\xff\x90\xe1',2022-05-18T17:56:09.360204
15916,265,19,b'\x00\x00\x00\x00S2\xc0\x00\x1c`\x02*\x0f\xff\x90\xe0',2022-05-18T17:56:09.360204
15917,266,19,"b'\x00\x00\x00\x00P\x08\x10\x06\x0c\x90\x00,\x0f\xff\x90\xe1'",2022-05-18T17:56:09.360204
15918,267,19,b'\x00\x00\x00\x00S3\xb0\x00\x1a0\x02*\x0f\xff\x90\xe0',2022-05-18T17:56:09.360204
15919,268,19,b'\x00\x00\x00\x00Q\x08P\x05\x0b\x80\x00(\x0f\xff\x90\xe1',2022-05-18T17:56:09.360204
15920,269,19,b'\x00\x00\x00\x00S2\xa0\x00\x19P\x02*\x0f\xff\x90\xe0',2022-05-18T17:56:09.360204
15921,270,19,"b'\x00\x00\x00\x00Q\x07\xe0\x04\n`\x00""\x0f\xff\x90\xe1'",2022-05-18T17:56:09.360204
15922,271,19,b'\x00\x00\x00\x00T1\x90\x00\x15\x00\x02%\x0f\xff\x90\xe0',2022-05-18T17:56:09.360204
15923,272,19,b'\x00\x00\x00\x00Q\x08\xc0\x04\tp\x00#\x0f\xff\x90\xe1',2022-05-18T17:56:09.360204
15924,273,19,"b""\x00\x00\x00\x00T3\xa0\x00\x16\x80\x02'\x0f\xff\x90\xe0""",2022-05-18T17:56:09.360204
15925,274,19,b'\x00\x00\x00\x00Q\x060\x04\x08p\x00\x1c\x0f\xff\x90\xe1',2022-05-18T17:56:09.360204
15926,275,19,b'\x00\x00\x00\x00T0\x80\x00\x130\x02!\x0f\xff\x90\xe0',2022-05-18T17:56:09.360204
15927,276,19,b'\x00\x00\x00\x00Q\x05\xc0\x03\x08P\x00\x19\x0f\xff\x90\xe1',2022-05-18T17:56:09.360204
15928,277,19,b'\x00\x00\x00\x00T2p\x00\x14\x00\x02#\x0f\xff\x90\xe0',2022-05-18T17:56:09.360204
15929,278,19,b'\x00\x00\x00\x00Q\x06P\x03\x07P\x00\x19\x0f\xff\x90\xe1',2022-05-18T17:56:09.360204
15930,279,19,b'\x00\x00\x00\x00T/\x80\x00\x12\x10\x02!\x0f\xff\x90\xe0',2022-05-18T17:56:09.360204
15931,280,19,b'\x00\x00\x00\x00Q\x07\x10\x03\x08P\x00\x16\x0f\xff\x90\xe1',2022-05-18T17:56:09.360204
15932,281,19,b'\x00\x00\x00\x00T1\x80\x00\x10\x00\x02!\x0f\xff\x90\xe0',2022-05-18T17:56:09.360204
15933,282,19,b'\x00\x00\x00\x00R\x05\xd0\x02\x07P\x00\x16\x0f\xff\x90\xe1',2022-05-18T17:56:09.360204
15934,283,19,"b'\x00\x00\x00\x00T,\x80\x00\x12\xe0\x01""\x0f\xff\x90\xe0'",2022-05-18T17:56:09.360204
15935,284,19,b'\x00\x00\x00\x00R\x05\xa0\x02\x07@\x00\x14\x0f\xff\x90\xe1',2022-05-18T17:56:09.360204
15936,285,19,b'\x00\x00\x00\x00U.`\x00\x11\xf0\x01\x1f\x0f\xff\x90\xe0',2022-05-18T17:56:09.360204
15937,286,19,b'\x00\x00\x00\x00R\x05\x90\x02\x05@\x00\x13\x0f\xff\x90\xe1',2022-05-18T17:56:09.360204
15938,287,19,b'\x00\x00\x00\x00U1`\x00\x12\x10\x02#\x0f\xff\x90\xe0',2022-05-18T17:56:09.360204
15939,288,19,b'\x00\x00\x00\x00R\x05P\x02\x06@\x00\x11\x0f\xff\x90\xe1',2022-05-18T17:56:09.360204
15940,289,19,"b'\x00\x00\x00\x00U1p\x00\x12\xe0\x01""\x0f\xff\x90\xe0'",2022-05-18T17:56:09.360204
15941,290,19,b'\x00\x00\x00\x00R\x04\x80\x02\x06P\x00\x13\x0f\xff\x90\xe1',2022-05-18T17:56:09.360204
15942,291,19,"b'\x00\x00\x00\x00U.`\x00\x10\x00\x02""\x0f\xff\x90\xe0'",2022-05-18T17:56:09.360204
15943,292,19,b'\x00\x00\x00\x00R\x04P\x02\x05@\x00\x11\x0f\xff\x90\xe1',2022-05-18T17:56:09.360204
15944,293,19,b'\x00\x00\x00\x00U1`\x00\x10\xd0\x01!\x0f\xff\x90\xe0',2022-05-18T17:56:09.360204
15945,294,19,b'\x00\x00\x00\x00R\x05@\x02\x05@\x00\x11\x0f\xff\x90\xe1',2022-05-18T17:56:09.360204
15946,295,19,b'\x00\x00\x00\x00U.`\x00\x0e\xc0\x01\x1d\x0f\xff\x90\xe0',2022-05-18T17:56:09.360204
15947,296,19,b'\x00\x00\x00\x00R\x05\xa0\x02\x06P\x00\x14\x0f\xff\x90\xe1',2022-05-18T17:56:09.360204
15948,297,19,b'\x00\x00\x00\x00U-`\x00\x0f\xd0\x01#\x0f\xff\x90\xe0',2022-05-18T17:56:09.360204
15949,298,19,b'\x00\x00\x00\x00S\x05\xa0\x02\x06P\x00\x13\x0f\xff\x90\xe1',2022-05-18T17:56:09.360204
15950,299,19,b'\x00\x00\x00\x00V.p\x00\x10\xb0\x01\x1f\x0f\xff\x90\xe0',2022-05-18T17:56:09.360204
15951,300,19,b'\x00\x00\x00\x00S\x04`\x02\x05P\x00\x11\x0f\xff\x90\xe1',2022-05-18T17:56:09.360204
15952,301,19,"b'\x00\x00\x00\x00V0p\x00\x10\xb0\x01""\x0f\xff\x90\xe0'",2022-05-18T17:56:09.360204
15953,302,19,b'\x00\x00\x00\x00S\x05\xd0\x02\x04@\x00\x13\x0f\xff\x90\xe1',2022-05-18T17:56:09.360204
15954,303,19,b'\x00\x00\x00\x00V.P\x00\x0e\xd0\x01\x1e\x0f\xff\x90\xe0',2022-05-18T17:56:09.360204
15955,304,19,b'\x00\x00\x00\x00S\x05\x10\x03\x05@\x00\x14\x0f\xff\x90\xe1',2022-05-18T17:56:09.360204
15956,305,19,b'\x00\x00\x00\x00V-`\x00\x0e\xa0\x01\x1d\x0f\xff\x90\xe0',2022-05-18T17:56:09.360204
15957,306,19,b'\x00\x00\x00\x00S\x04`\x03\x040\x00\x15\x0f\xff\x90\xe1',2022-05-18T17:56:09.360204
15958,307,19,b'\x00\x00\x00\x00V-`\x00\x0f\x90\x01\x1e\x0f\xff\x90\xe0',2022-05-18T17:56:09.360204
15959,308,19,b'\x00\x00\x00\x00S\x04\x90\x03\x050\x00\x16\x0f\xff\x90\xe1',2022-05-18T17:56:09.360204
15960,309,19,b'\x00\x00\x00\x00V0`\x00\x0e\x80\x01\x1c\x0f\xff\x90\xe0',2022-05-18T17:56:09.360204
15961,310,19,b'\x00\x00\x00\x00T\x05\xf0\x03\x04@\x00\x17\x0f\xff\x90\xe1',2022-05-18T17:56:09.360204
15962,311,19,b'\x00\x00\x00\x00V0`\x00\x0f\xa0\x01\x1f\x0f\xff\x90\xe0',2022-05-18T17:56:09.360204
15963,312,19,b'\x00\x00\x00\x00T\x04\x80\x03\x040\x00\x15\x0f\xff\x90\xe1',2022-05-18T17:56:09.360204
15964,313,19,b'\x00\x00\x00\x00V/`\x00\x0f\xc0\x01\x1d\x0f\xff\x90\xe0',2022-05-18T17:56:09.360204
15965,314,19,b'\x00\x00\x00\x00T\x04\x00\x03\x05@\x00\x12\x0f\xff\x90\xe1',2022-05-18T17:56:09.360204
15966,315,19,b'\x00\x00\x00\x00V1`\x00\x0f\xc0\x01\x1e\x0f\xff\x90\xe0',2022-05-18T17:56:09.360204
15967,316,19,b'\x00\x00\x00\x00T\x03`\x02\x03 \x00\x0f\x0f\xff\x90\xe1',2022-05-18T17:56:09.360204
15968,317,19,b'\x00\x00\x00\x00W0`\x00\r\x90\x01\x1c\x0f\xff\x90\xe0',2022-05-18T17:56:09.360204
15969,318,19,b'\x00\x00\x00\x00U\x04 \x02\x04@\x00\x0f\x0f\xff\x90\xe1',2022-05-18T17:56:09.360204
15970,319,19,b'\x00\x00\x00\x00W/p\x00\x0f\xc0\x01\x1f\x0f\xff\x90\xe0',2022-05-18T17:56:09.360204
15971,320,19,b'\x00\x00\x00\x00U\x03\x80\x01\x040\x00\n\x0f\xff\x90\xe1',2022-05-18T17:56:09.360204
15972,321,19,b'\x00\x00\x00\x00W+`\x00\x0e\x90\x01\x1c\x0f\xff\x90\xe0',2022-05-18T17:56:09.360204
15973,322,19,b'\x00\x00\x00\x00U\x04\x00\x01\x050\x00\t\x0f\xff\x90\xe1',2022-05-18T17:56:09.361199
15974,323,19,b'\x00\x00\x00\x00W.P\x00\x0e\x90\x01\x1d\x0f\xff\x90\xe0',2022-05-18T17:56:09.361199
15975,324,19,b'\x00\x00\x00\x00U\x04\xd0\x00\x040\x00\x08\x0f\xff\x90\xe1',2022-05-18T17:56:09.361199
15976,325,19,b'\x00\x00\x00\x00W1p\x00\x0f\xa0\x01\x1f\x0f\xff\x90\xe0',2022-05-18T17:56:09.361199
15977,326,19,b'\x00\x00\x00\x00V\x04\x80\x00\x030\x00\x05\x0f\xff\x90\xe1',2022-05-18T17:56:09.361199
15978,327,19,b'\x00\x00\x00\x00W-`\x00\x0ep\x01\x1e\x0f\xff\x90\xe0',2022-05-18T17:56:09.361199
15979,328,19,b'\x00\x00\x00\x00V\x04\x80\x00\x050\x00\x07\x0f\xff\x90\xe1',2022-05-18T17:56:09.361199
15980,329,19,"b'\x00\x00\x00\x00W,`\x00\x0f\x90\x01\x1d\x0f\xff\x90\xe0'",2022-05-18T17:56:09.361199
15981,330,19,b'\x00\x00\x00\x00V\x04`\x00\x050\x00\x06\x0f\xff\x90\xe1',2022-05-18T17:56:09.361199
15982,331,19,b'\x00\x00\x00\x00W.p\x00\x10\xb0\x01\x1f\x0f\xff\x90\xe0',2022-05-18T17:56:09.361199
15983,332,19,b'\x00\x00\x00\x00V\x05`\x00\x040\x00\x05\x0f\xff\x90\xe1',2022-05-18T17:56:09.361199
15984,333,19,b'\x00\x00\x00\x00W1`\x00\x10p\x01\x1d\x0f\xff\x90\xe0',2022-05-18T17:56:09.361199
15985,334,19,b'\x00\x00\x00\x00V\x05P\x00\x040\x00\x07\x0f\xff\x90\xe1',2022-05-18T17:56:09.361199
15986,335,19,b'\x00\x00\x00\x00W0p\x00\x11\x80\x01 \x0f\xff\x90\xe0',2022-05-18T17:56:09.361199
15987,336,19,b'\x00\x00\x00\x00W\x05`\x00\x05@\x00\x07\x0f\xff\x90\xe1',2022-05-18T17:56:09.361199
15988,337,19,b'\x00\x00\x00\x00W/p\x00\x10\xb0\x01\x1f\x0f\xff\x90\xe0',2022-05-18T17:56:09.361199
15989,338,19,b'\x00\x00\x00\x00W\x05P\x00\x05@\x00\x07\x0f\xff\x90\xe1',2022-05-18T17:56:09.361199
15990,339,19,b'\x00\x00\x00\x00W-\x80\x00\x11\x90\x01\x1f\x0f\xff\x90\xe0',2022-05-18T17:56:09.361199
15991,340,19,b'\x00\x00\x00\x00W\x06`\x00\x06P\x00\x07\x0f\xff\x90\xe1',2022-05-18T17:56:09.361199
15992,341,19,b'\x00\x00\x00\x00X0\x80\x00\x12\xa0\x01\x1e\x0f\xff\x90\xe0',2022-05-18T17:56:09.361199
15993,342,19,b'\x00\x00\x00\x00W\x07`\x00\x06P\x00\t\x0f\xff\x90\xe1',2022-05-18T17:56:09.361199
15994,343,19,b'\x00\x00\x00\x00X/\x80\x00\x13\x90\x01!\x0f\xff\x90\xe0',2022-05-18T17:56:09.361199
15995,344,19,b'\x00\x00\x00\x00W\x06P\x00\x06P\x00\x08\x0f\xff\x90\xe1',2022-05-18T17:56:09.361199
15996,345,19,b'\x00\x00\x00\x00X/\x80\x00\x12\x90\x01\x1e\x0f\xff\x90\xe0',2022-05-18T17:56:09.361199
15997,346,19,b'\x00\x00\x00\x00W\x06P\x00\x08P\x00\x08\x0f\xff\x90\xe1',2022-05-18T17:56:09.361199
15998,347,19,b'\x00\x00\x00\x00X0\x90\x00\x15\xa0\x01#\x0f\xff\x90\xe0',2022-05-18T17:56:09.361199
15999,348,19,b'\x00\x00\x00\x00W\x06P\x00\x07`\x00\t\x0f\xff\x90\xe1',2022-05-18T17:56:09.361199
16000,349,19,b'\x00\x00\x00\x00X5\xa0\x00\x16\xb0\x01%\x0f\xff\x90\xe0',2022-05-18T17:56:09.361199
16001,350,19,b'\x00\x00\x00\x00W\x07`\x00\x08`\x00\n\x0f\xff\x90\xe1',2022-05-18T17:56:09.361199
16002,351,19,b'\x00\x00\x00\x00X2\xc0\x00\x19\xb0\x01&\x0f\xff\x90\xe0',2022-05-18T17:56:09.361199
16003,352,19,b'\x00\x00\x00\x00W\x07P\x00\x07`\x00\n\x0f\xff\x90\xe1',2022-05-18T17:56:09.361199
16004,353,19,b'\x00\x00\x00\x00X4\xc0\x00\x1b\xb0\x01&\x0f\xff\x90\xe0',2022-05-18T17:56:09.361199
16005,354,19,b'\x00\x00\x00\x00W\x08p\x00\x0b`\x00\x0b\x0f\xff\x90\xe1',2022-05-18T17:56:09.361199
16006,355,19,b'\x00\x00\x00\x00X0\xd0\x00\x1b\xe0\x01&\x0f\xff\x90\xe0',2022-05-18T17:56:09.361199
16007,356,19,"b""\x00\x00\x00\x00X.\xe0\x00\x1d\xd0\x01'\x0f\xff\x90\xe0""",2022-05-18T17:56:09.361199
16008,357,19,b'\x00\x00\x00\x00W\t\x80\x00\x0b\x80\x00\x0c\x0f\xff\x90\xe1',2022-05-18T17:56:09.361199
16009,358,19,b'\x00\x00\x00\x00X3\xd0\x00\x1e\xe0\x01*\x0f\xff\x90\xe0',2022-05-18T17:56:09.361199
16010,359,19,b'\x00\x00\x00\x00W\n\x80\x00\n\x80\x00\x0c\x0f\xff\x90\xe1',2022-05-18T17:56:09.361199
16011,360,19,"b""\x00\x00\x00\x00X1\xe0\x00\x1e\xc0\x01'\x0f\xff\x90\xe0""",2022-05-18T17:56:09.361199
16012,361,19,b'\x00\x00\x00\x00W\x0b\x80\x00\x0c\x90\x00\x0f\x0f\xff\x90\xe1',2022-05-18T17:56:09.361199
16013,362,19,b'\x00\x00\x00\x00Y1\x10\x01 \xd0\x01+\x0f\xff\x90\xe0',2022-05-18T17:56:09.361199
16014,363,19,b'\x00\x00\x00\x00W\r\xa0\x00\r\xa0\x00\x0f\x0f\xff\x90\xe1',2022-05-18T17:56:09.361199
16015,364,19,b'\x00\x00\x00\x00Y2\x10\x01 \xd0\x01)\x0f\xff\x90\xe0',2022-05-18T17:56:09.361199
16016,365,19,b'\x00\x00\x00\x00W\x0b\x90\x00\x0c\xb0\x00\x0f\x0f\xff\x90\xe1',2022-05-18T17:56:09.361199
16017,366,19,b'\x00\x00\x00\x00Y5 \x01#\x00\x02/\x0f\xff\x90\xe0',2022-05-18T17:56:09.361199
16018,367,19,b'\x00\x00\x00\x00W\x0c\xa0\x00\x0e\x90\x00\x0f\x0f\xff\x90\xe1',2022-05-18T17:56:09.361199
16019,368,19,b'\x00\x00\x00\x00Y&0\x01!\xe0\x01(\x0f\xff\x90\xe0',2022-05-18T17:56:09.361199
16020,369,19,b'\x00\x00\x00\x00X\x0f\x90\x00\x10\xa0\x00\x13\x0f\xff\x90\xe1',2022-05-18T17:56:09.361199
16021,370,19,b'\x00\x00\x00\x00Y0P\x01$\x00\x02/\x0f\xff\x90\xe0',2022-05-18T17:56:09.361199
16022,371,19,b'\x00\x00\x00\x00X\r\xb0\x00\x0f\xa0\x00\x12\x0f\xff\x90\xe1',2022-05-18T17:56:09.361199
16023,372,19,"b""\x00\x00\x00\x00Y0`\x01'\x10\x02/\x0f\xff\x90\xe0""",2022-05-18T17:56:09.361199
16024,373,19,b'\x00\x00\x00\x00X\x0e\xc0\x00\x0f\xb0\x00\x14\x0f\xff\x90\xe1',2022-05-18T17:56:09.361199
16025,374,19,b'\x00\x00\x00\x00Y2`\x01& \x021\x0f\xff\x90\xe0',2022-05-18T17:56:09.362163
16026,375,19,b'\x00\x00\x00\x00X\x0f\xb0\x00\x13\xb0\x00\x13\x0f\xff\x90\xe1',2022-05-18T17:56:09.362163
16027,376,19,b'\x00\x00\x00\x00Y/`\x01$\x10\x020\x0f\xff\x90\xe0',2022-05-18T17:56:09.362163
16028,377,19,b'\x00\x00\x00\x00X\x0e\xb0\x00\x10\xb0\x00\x13\x0f\xff\x90\xe1',2022-05-18T17:56:09.362163
16029,378,19,b'\x00\x00\x00\x00Y0`\x01)\x10\x022\x0f\xff\x90\xe0',2022-05-18T17:56:09.362163
16030,379,19,b'\x00\x00\x00\x00X\x10\xc0\x00\x10\xc0\x00\x15\x0f\xff\x90\xe1',2022-05-18T17:56:09.362163
16031,380,19,b'\x00\x00\x00\x00Y?\x80\x01.@\x028\x0f\xff\x90\xe0',2022-05-18T17:56:09.362163
16032,381,19,b'\x00\x00\x00\x00X\x0f\xb0\x00\x11\xb0\x00\x14\x0f\xff\x90\xe1',2022-05-18T17:56:09.362163
16033,382,19,b'\x00\x00\x00\x00Y1\x90\x01&\xf0\x012\x0f\xff\x90\xe0',2022-05-18T17:56:09.362163
16034,383,19,b'\x00\x00\x00\x00X\x0f\xb0\x00\x11\xc0\x00\x12\x0f\xff\x90\xe1',2022-05-18T17:56:09.362163
16035,384,19,b'\x00\x00\x00\x00Y;p\x01-0\x027\x0f\xff\x90\xe0',2022-05-18T17:56:09.362163
16036,385,19,b'\x00\x00\x00\x00X\x0f\xc0\x00\x11\xc0\x00\x14\x0f\xff\x90\xe1',2022-05-18T17:56:09.362163
16037,386,19,"b""\x00\x00\x00\x00Y1\x80\x01' \x024\x0f\xff\x90\xe0""",2022-05-18T17:56:09.362163
16038,387,19,b'\x00\x00\x00\x00X\x10\xd0\x00\x12\xc0\x00\x16\x0f\xff\x90\xe1',2022-05-18T17:56:09.362163
16039,388,19,b'\x00\x00\x00\x00Z@P\x01+ \x027\x0f\xff\x90\xe0',2022-05-18T17:56:09.362163
16040,389,19,b'\x00\x00\x00\x00X\x0f\xb0\x00\x11\xb0\x00\x13\x0f\xff\x90\xe1',2022-05-18T17:56:09.362163
16041,390,19,"b'\x00\x00\x00\x00Z>`\x01,@\x029\x0f\xff\x90\xe0'",2022-05-18T17:56:09.362163
16042,391,19,b'\x00\x00\x00\x00X\x0f\xb0\x00\x11\xc0\x00\x14\x0f\xff\x90\xe1',2022-05-18T17:56:09.362163
16043,392,19,b'\x00\x00\x00\x00Z<P\x01*\x00\x024\x0f\xff\x90\xe0',2022-05-18T17:56:09.362163
16044,393,19,b'\x00\x00\x00\x00X\x0f\xb0\x00\x12\xb0\x00\x15\x0f\xff\x90\xe1',2022-05-18T17:56:09.362163
16045,394,19,"b'\x00\x00\x00\x00Z>`\x01, \x026\x0f\xff\x90\xe0'",2022-05-18T17:56:09.362163
16046,395,19,b'\x00\x00\x00\x00X\x0f\xb0\x00\x10\xb0\x00\x13\x0f\xff\x90\xe1',2022-05-18T17:56:09.362163
16047,396,19,"b'\x00\x00\x00\x00Z.@\x01""\xf0\x01+\x0f\xff\x90\xe0'",2022-05-18T17:56:09.362163
16048,397,19,b'\x00\x00\x00\x00X\x0c\x90\x00\x0e\xb0\x00\x10\x0f\xff\x90\xe1',2022-05-18T17:56:09.362163
16049,398,19,b'\x00\x00\x00\x00Z/@\x01#\x00\x02+\x0f\xff\x90\xe0',2022-05-18T17:56:09.362163
16050,399,19,b'\x00\x00\x00\x00X\r\x90\x00\x0e\xa0\x00\x11\x0f\xff\x90\xe1',2022-05-18T17:56:09.362163
16051,400,19,b'\x00\x00\x00\x00Z+0\x01#\xd0\x01*\x0f\xff\x90\xe0',2022-05-18T17:56:09.362163
16052,401,19,b'\x00\x00\x00\x00X\r\x90\x00\x0e\x90\x00\x10\x0f\xff\x90\xe1',2022-05-18T17:56:09.362163
16053,402,19,b'\x00\x00\x00\x00Z80\x01&\xd0\x010\x0f\xff\x90\xe0',2022-05-18T17:56:09.362163
16054,403,19,b'\x00\x00\x00\x00X\x0e\x90\x00\x0e\x90\x00\x0f\x0f\xff\x90\xe1',2022-05-18T17:56:09.362163
16055,404,19,"b'\x00\x00\x00\x00Z1\x10\x01!\xd0\x01,\x0f\xff\x90\xe0'",2022-05-18T17:56:09.362163
16056,405,19,b'\x00\x00\x00\x00X\x0b\x80\x00\x0e\x90\x00\x10\x0f\xff\x90\xe1',2022-05-18T17:56:09.362163
16057,406,19,"b'\x00\x00\x00\x00Z8\x10\x01""\xa0\x01+\x0f\xff\x90\xe0'",2022-05-18T17:56:09.362163
16058,407,19,b'\x00\x00\x00\x00X\x0c\x90\x00\x0c\x90\x00\x0f\x0f\xff\x90\xe1',2022-05-18T17:56:09.362163
16059,408,19,b'\x00\x00\x00\x00Z1\x00\x01!\xb0\x01*\x0f\xff\x90\xe0',2022-05-18T17:56:09.362163
16060,409,19,b'\x00\x00\x00\x00X\x0b\x80\x00\r\x80\x00\x0f\x0f\xff\x90\xe1',2022-05-18T17:56:09.362163
16061,410,19,b'\x00\x00\x00\x00Z5\x00\x01\x1f\xa0\x01*\x0f\xff\x90\xe0',2022-05-18T17:56:09.362163
16062,411,19,b'\x00\x00\x00\x00X\n\x90\x00\r\x80\x00\x0f\x0f\xff\x90\xe1',2022-05-18T17:56:09.362163
16063,412,19,b'\x00\x00\x00\x00Z1\xe0\x00\x1e\x90\x01$\x0f\xff\x90\xe0',2022-05-18T17:56:09.362163
16064,413,19,b'\x00\x00\x00\x00X\np\x00\r\x80\x00\r\x0f\xff\x90\xe1',2022-05-18T17:56:09.362163
16065,414,19,b'\x00\x00\x00\x00Z+\xf0\x00\x1d\xa0\x01&\x0f\xff\x90\xe0',2022-05-18T17:56:09.362163
16066,415,19,b'\x00\x00\x00\x00X\x0bp\x00\x0b\x80\x00\x0e\x0f\xff\x90\xc5',2022-05-18T17:56:09.362163
16067,416,19,"b""\x00\x00\x00\x00Z8\xe0\x00\x1dp\x01'\x0f\xff\x90\xe0""",2022-05-18T17:56:09.362163
16068,417,19,b'\x00\x00\x00\x00X\x01\x00\x00\x01\x00\x00\x01\x00\x00\x00\xc5',2022-05-18T17:56:09.362163
16069,418,19,b'\x00\x00\x00\x00J\x00\x00\x00\x00\x00\x00\x00\x00\x00\x00\x08\x00\x00\x00\x00I\x00\x00\x00\x00\x00\x00\x00\x00\x00\x00\t',2022-05-18T17:56:09.362163
16070,419,19,b'\x00\x00\x00\x00K\x00\x00\x00\x00\x00\x00\x00\xb8\xcbv0',2022-05-18T17:56:09.362163
16071,420,19,b'\x00\x00\x00\x00J\x01\x00\x00\x00\x00\x00\x00\xc4\xc9v1',2022-05-18T17:56:09.362163
16072,421,19,b'\x00\x00\x00\x00KN\x00\x00\x00\x00\x00\x01\xb8\xcbv0',2022-05-18T17:56:09.362163
16073,422,19,b'\x00\x00\x00\x00K\x82@\x00\x00\x10\x01\x01\xc4\xc9v1',2022-05-18T17:56:09.362163
16074,423,19,b'\x00\x00\x00\x00Lub\x00\x00 \x01\x06\xc4\xc9v1\x00\x00\x00\x00L\x11\x00\x00\x00\x00\x00\x00\x00\x00\x00\xc4',2022-05-18T17:56:09.362163
16075,424,19,b'\x00\x00\x00\x00L\xa0\xa1\x00\x00\xf0\x00\x04\xc4\xc9v1\x00\x00\x00\x00M\x00\x00\x00\x00\x00\x00\x00\x00\x00\x00\xb0',2022-05-18T17:56:09.362163
16076,425,19,b'\x00\x00\x00\x00M\x9f\x01\x01\x00\x00\x01\x04\xc4\xc9v1\x00\x00\x00\x00M\x00\x00\x00\x00\x00\x00\x00\xa0\x8f>\x00',2022-05-18T17:56:09.362163
16077,426,19,b'\x00\x00\x00\x00M\x82b\x01\x00\xe0\x00\x06\xc4\xc9v1\x00\x00\x00\x00N\x00\x00\x00\x00\x00\x00\x00\xa0\x8f>\x00',2022-05-18T17:56:09.362163
16078,427,19,b'\x00\x00\x00\x00NrR\x02\x00\xf0\x00\x06\xc4\xc9v1',2022-05-18T17:56:09.362163
16079,428,19,b'\x00\x00\x00\x00O\x00\x00\x00\x00\x00\x00\x00\x00\x00\x00\x00',2022-05-18T17:56:09.362163
16080,429,19,b'\x00\x00\x00\x00No\xb0\x00\x000\x00\x01\x00\x00\x00\x01',2022-05-18T17:56:09.362163
16081,430,19,b'\x00\x00\x00\x00O\x00\x00\x00\x00\x00\x00\x00\xa0\x8f>\x00',2022-05-18T17:56:09.362163
16082,431,19,b'\x00\x00\x00\x00N\x00\x00\x00\x00\x00\x00\x00\xa0\x8f>\x01',2022-05-18T17:56:09.362163
16083,432,19,b'\x00\x00\x00\x00O\x00\x10\x00\x01\x00\x00\x00\xa0\x8f>\x00',2022-05-18T17:56:09.362163
16084,433,19,b'\x00\x00\x00\x00O\x00\x00\x00\x00\x10\x00\x00\xa0\x8f>\x01',2022-05-18T17:56:09.362163
16085,434,19,b'\x00\x00\x00\x00P\x00\x00\x00\x00\x00\x00\x00\xa0\x8f>\x00',2022-05-18T17:56:09.362163
16086,435,19,b'\x00\x00\x00\x00O\x00\x00\x00\x00\x00\x00\x00\xa0\x8f>\x01',2022-05-18T17:56:09.362163
16087,436,19,b'\x00\x00\x00\x00P\x00\x00\x00\x00\x00\x00\x00\xa0\x8f>\x00',2022-05-18T17:56:09.362163
16088,437,19,b'\x00\x00\x00\x00O\x00\x00\x00\x00\x00\x00\x00\xa0\x8f>\x01',2022-05-18T17:56:09.362163
16089,438,19,b'\x00\x00\x00\x00Q\x00\x00\x00\x00\x00\x00\x00\xa0\x8f>\x00',2022-05-18T17:56:09.362163
16090,439,19,b'\x00\x00\x00\x00P\x00\x00\x00\x00\x00\x00\x00\xa0\x8f>\x01',2022-05-18T17:56:09.362163
16091,440,19,b'\x00\x00\x00\x00Q\x00\x00\x00\x00\x00\x00\x00\xa0\x8f>\x00',2022-05-18T17:56:09.362163
16092,441,19,b'\x00\x00\x00\x00P\x00\x00\x00\x00\x00\x00\x00\xa0\x8f>\x01',2022-05-18T17:56:09.362163
16093,442,19,b'\x00\x00\x00\x00Q\x10\x90\x00 \xe0\x00\x18\x0f\xff\x90\xe0\x00\x00\x00\x00P\x00\x00\x00\x00\x00\x00\x00\x0f\xff\x90\xe1',2022-05-18T17:56:09.362163
16094,443,19,b'\x00\x00\x00\x00Rp`\x04\xfd \x06\xba\x0f\xff\x90\xe0\x00\x00\x00\x00P\x19\xb0\x01\x1b\xb0\x01&\x0f\xff\x90\xe1',2022-05-18T17:56:09.362163
16095,444,19,b'\x00\x00\x00\x00Rf@\x04\xd5\x80\x05\xa1\x0f\xff\x90\xe0\x00\x00\x00\x00Q4\xa0\x05<\xc0\x02R\x0f\xff\x90\xe1',2022-05-18T17:56:09.362163
16096,445,19,b'\x00\x00\x00\x00Rn \x05\xc9\x00\x06\xa7\x0f\xff\x90\xe0\x00\x00\x00\x00QGp\x07Sp\x03q\x0f\xff\x90\xe1',2022-05-18T17:56:09.362163
16097,446,19,b'\x00\x00\x00\x00Rv\xd0\x05\xb0p\x06\xac\x0f\xff\x90\xe0\x00\x00\x00\x00QO\xb0\x07[\xf0\x03x\x0f\xff\x90\xe1',2022-05-18T17:56:09.362163
16098,447,19,b'\x00\x00\x00\x00S[\xb0\x04ep\x05\x83\x0f\xff\x90\xe0',2022-05-18T17:56:09.362163
16099,448,19,b'\x00\x00\x00\x00QV\x80\x08gp\x04\x82\x0f\xff\x90\xe1',2022-05-18T17:56:09.362163
16100,449,19,b'\x00\x00\x00\x00SK`\x04M\xa0\x04j\x0f\xff\x90\xe0\x00\x00\x00\x00Qf0\x08r\x10\x05\x96\x0f\xff\x90\xe1',2022-05-18T17:56:09.362163
16101,450,19,b'\x00\x00\x00\x00Sr@\x07n0\x07\xa9\x0f\xff\x90\xe0\x00\x00\x00\x00R8\xf0\x039\x10\x03L\x0f\xff\x90\xe1',2022-05-18T17:56:09.362163
16102,451,19,b'\x00\x00\x00\x00S\x820\x08\x84P\x08\xc5\x0f\xff\x90\xe0\x00\x00\x00\x00R]\xc0\x05]`\x05\x81\x0f\xff\x90\xe1',2022-05-18T17:56:09.362163
16103,452,19,b'\x00\x00\x00\x00T\x8c\xb0\x08\x8e\xd0\x08\xd5\x0f\xff\x90\xe0\x00\x00\x00\x00R\x9f\xd0\t\x9f\xd0\t\xe5\x0f\xff\x90\xe1',2022-05-18T17:56:09.362163
16104,453,19,b'\x00\x00\x00\x00TJ\xa0\x04Q\xd0\x04t\x0f\xff\x90\xe0\x00\x00\x00\x00R\x83\x10\x08\x7f\xf0\x07\xb5\x0f\xff\x90\xe1',2022-05-18T17:56:09.362163
16105,454,19,b'\x00\x00\x00\x00Tdp\x06fp\x06\xa4\x0f\xff\x90\xe0\x00\x00\x00\x00RM\xc0\x04L\xe0\x04m\x0f\xff\x90\xe1',2022-05-18T17:56:09.362163
16106,455,19,b'\x00\x00\x00\x00Tz\xe0\x07z\xc0\x07\xcb\x0f\xff\x90\xe0\x00\x00\x00\x00R\\\xa0\x05Z\xd0\x05\x81\x0f\xff\x90\xe1',2022-05-18T17:56:09.362163
16107,456,19,b'\x00\x00\x00\x00Tx\xa0\x07x\xa0\x07\xca\x0f\xff\x90\xe0\x00\x00\x00\x00S#0\x02%0\x021\x0f\xff\x90\xe1',2022-05-18T17:56:09.362163
16108,457,19,b'\x00\x00\x00\x00UY\x00\x06\\\xd0\x05\x9c\x0f\xff\x90\xe0\x00\x00\x00\x00SYp\x05T\x80\x05z\x0f\xff\x90\xe1',2022-05-18T17:56:09.362163
16109,458,19,b'\x00\x00\x00\x00Uo\x90\x06m\xd0\x06\xb8\x0f\xff\x90\xe0\x00\x00\x00\x00Sq\xe0\x06s\x00\x07\xa5\x0f\xff\x90\xe1',2022-05-18T17:56:09.362163
16110,459,19,b'\x00\x00\x00\x00U\xa1@\t\x99\xd0\t\xff\x0f\xff\x90\xe0\x00\x00\x00\x00S!\x10\x02#\xf0\x01/\x0f\xff\x90\xe1',2022-05-18T17:56:09.362163
16111,460,19,b'\x00\x00\x00\x00Uy \x05\xaf@\x07\xce\x0f\xff\x90\xe0',2022-05-18T17:56:09.362163
16112,461,19,b'\x00\x00\x00\x00S>\xf0\x05<0\x03a\x0f\xff\x90\xe1',2022-05-18T17:56:09.362163
16113,462,19,b'\x00\x00\x00\x00U@\x80\x02S\xb0\x03`\x0f\xff\x90\xe0',2022-05-18T17:56:09.362163
16114,463,19,b'\x00\x00\x00\x00S$\xb0\x03!\xe0\x017\x0f\xff\x90\xe1',2022-05-18T17:56:09.362163
16115,464,19,b'\x00\x00\x00\x00U8@\x01-\xd0\x02<\x0f\xff\x90\xe0',2022-05-18T17:56:09.362163
16116,465,19,b'\x00\x00\x00\x00S\x100\x03\x10\xf0\x00#\x0f\xff\x90\xe1',2022-05-18T17:56:09.362163
16117,466,19,b'\x00\x00\x00\x00V0\xe0\x00\x1e \x02*\x0f\xff\x90\xe0',2022-05-18T17:56:09.362163
16118,467,19,b'\x00\x00\x00\x00S\t\x10\x03\x0b\xa0\x00\x1b\x0f\xff\x90\xe1',2022-05-18T17:56:09.362163
16119,468,19,b'\x00\x00\x00\x00V3\xe0\x00\x1c\x00\x02+\x0f\xff\x90\xe0',2022-05-18T17:56:09.362163
16120,469,19,b'\x00\x00\x00\x00T\t@\x03\n\x90\x00\x1a\x0f\xff\x90\xe1',2022-05-18T17:56:09.362163
16121,470,19,"b""\x00\x00\x00\x00V-\xc0\x00\x1b\xe0\x01'\x0f\xff\x90\xe0""",2022-05-18T17:56:09.362163
16122,471,19,b'\x00\x00\x00\x00T\t\xa0\x03\t\xa0\x00\x1b\x0f\xff\x90\xe1',2022-05-18T17:56:09.362163
16123,472,19,b'\x00\x00\x00\x00V4\xb0\x00\x18\xf0\x01&\x0f\xff\x90\xe0',2022-05-18T17:56:09.362163
16124,473,19,b'\x00\x00\x00\x00T\x08\xb0\x03\t\x80\x00\x1a\x0f\xff\x90\xe1',2022-05-18T17:56:09.362163
16125,474,19,"b""\x00\x00\x00\x00V4\xb0\x00\x19\xe0\x01'\x0f\xff\x90\xe0""",2022-05-18T17:56:09.362163
16126,475,19,b'\x00\x00\x00\x00T\x06\x00\x04\x08p\x00\x1b\x0f\xff\x90\xe1',2022-05-18T17:56:09.362163
16127,476,19,b'\x00\x00\x00\x00V0\xa0\x00\x17\xe0\x01$\x0f\xff\x90\xe0',2022-05-18T17:56:09.362163
16128,477,19,b'\x00\x00\x00\x00T\x070\x04\x07p\x00\x1b\x0f\xff\x90\xe1',2022-05-18T17:56:09.362163
16129,478,19,b'\x00\x00\x00\x00V-\x90\x00\x14\xc0\x01 \x0f\xff\x90\xe0',2022-05-18T17:56:09.362163
16130,479,19,b'\x00\x00\x00\x00T\x07p\x04\x06`\x00\x1e\x0f\xff\x90\xe1',2022-05-18T17:56:09.363203
16131,480,19,b'\x00\x00\x00\x00W/\x80\x00\x13\xe0\x01 \x0f\xff\x90\xe0',2022-05-18T17:56:09.363203
16132,481,19,b'\x00\x00\x00\x00T\x06\xf0\x03\x07`\x00\x1a\x0f\xff\x90\xe1',2022-05-18T17:56:09.363203
16133,482,19,b'\x00\x00\x00\x00W1\x80\x00\x13\xc0\x01 \x0f\xff\x90\xe0',2022-05-18T17:56:09.363203
16134,483,19,b'\x00\x00\x00\x00T\x05\x10\x04\x06P\x00\x1b\x0f\xff\x90\xe1',2022-05-18T17:56:09.363203
16135,484,19,b'\x00\x00\x00\x00W0p\x00\x12\xc0\x01 \x0f\xff\x90\xe0',2022-05-18T17:56:09.363203
16136,485,19,b'\x00\x00\x00\x00T\x06\xb0\x03\x05P\x00\x18\x0f\xff\x90\xe1',2022-05-18T17:56:09.363203
16137,486,19,b'\x00\x00\x00\x00W0p\x00\x10\x90\x01\x1d\x0f\xff\x90\xe0',2022-05-18T17:56:09.363203
16138,487,19,b'\x00\x00\x00\x00U\x05 \x03\x05@\x00\x15\x0f\xff\x90\xe1',2022-05-18T17:56:09.363203
16139,488,19,b'\x00\x00\x00\x00W.p\x00\x10\x80\x01\x1e\x0f\xff\x90\xe0',2022-05-18T17:56:09.363203
16140,489,19,b'\x00\x00\x00\x00U\x05\x10\x03\x06@\x00\x14\x0f\xff\x90\xe1',2022-05-18T17:56:09.363203
16141,490,19,b'\x00\x00\x00\x00W2`\x00\x10\xa0\x01\x1f\x0f\xff\x90\xe0',2022-05-18T17:56:09.363203
16142,491,19,b'\x00\x00\x00\x00U\x04\xa0\x02\x05P\x00\x14\x0f\xff\x90\xe1',2022-05-18T17:56:09.363203
16143,492,19,b'\x00\x00\x00\x00W/p\x00\x11\x80\x01\x1e\x0f\xff\x90\xe0',2022-05-18T17:56:09.363203
16144,493,19,b'\x00\x00\x00\x00U\x04 \x02\x05P\x00\x0f\x0f\xff\x90\xe1',2022-05-18T17:56:09.363203
16145,494,19,b'\x00\x00\x00\x00W1`\x00\x0f`\x01\x1a\x0f\xff\x90\xe0',2022-05-18T17:56:09.363203
16146,495,19,b'\x00\x00\x00\x00U\x05\xc0\x01\x05P\x00\x0f\x0f\xff\x90\xe1',2022-05-18T17:56:09.363203
16147,496,19,b'\x00\x00\x00\x00X.p\x00\x0ep\x01\x1e\x0f\xff\x90\xe0',2022-05-18T17:56:09.363203
16148,497,19,b'\x00\x00\x00\x00U\x05\x90\x01\x05P\x00\x0f\x0f\xff\x90\xe1',2022-05-18T17:56:09.363203
16149,498,19,b'\x00\x00\x00\x00X.`\x00\x0e`\x01\x1c\x0f\xff\x90\xe0',2022-05-18T17:56:09.363203
16150,499,19,b'\x00\x00\x00\x00U\x050\x01\x05P\x00\x0c\x0f\xff\x90\xe1',2022-05-18T17:56:09.363203
16151,500,19,"b'\x00\x00\x00\x00X,`\x00\x0f`\x01\x1d\x0f\xff\x90\xe0'",2022-05-18T17:56:09.363203
16152,501,19,b'\x00\x00\x00\x00U\x05\x00\x01\x05P\x00\x0b\x0f\xff\x90\xe1',2022-05-18T17:56:09.363203
16153,502,19,b'\x00\x00\x00\x00X-p\x00\x0fP\x01\x1b\x0f\xff\x90\xe0',2022-05-18T17:56:09.363203
16154,503,19,b'\x00\x00\x00\x00U\x04\xd0\x00\x04@\x00\t\x0f\xff\x90\xe1',2022-05-18T17:56:09.363203
16155,504,19,b'\x00\x00\x00\x00X/p\x00\x0f`\x01\x1c\x0f\xff\x90\xe0',2022-05-18T17:56:09.363203
16156,505,19,b'\x00\x00\x00\x00V\x04\xc0\x00\x06@\x00\t\x0f\xff\x90\xe1',2022-05-18T17:56:09.363203
16157,506,19,"b'\x00\x00\x00\x00X,`\x00\x0ep\x01\x1a\x0f\xff\x90\xe0'",2022-05-18T17:56:09.363203
16158,507,19,b'\x00\x00\x00\x00V\x04\xa0\x00\x04@\x00\x08\x0f\xff\x90\xe1',2022-05-18T17:56:09.363203
16159,508,19,b'\x00\x00\x00\x00X/`\x00\x0f`\x01\x1c\x0f\xff\x90\xe0',2022-05-18T17:56:09.363203
16160,509,19,b'\x00\x00\x00\x00V\x05\x90\x00\x05@\x00\x08\x0f\xff\x90\xe1',2022-05-18T17:56:09.363203
16161,510,19,b'\x00\x00\x00\x00X.`\x00\x0e@\x01\x19\x0f\xff\x90\xe0',2022-05-18T17:56:09.363203
16162,511,19,b'\x00\x00\x00\x00V\x05\x90\x00\x06@\x00\t\x0f\xff\x90\xe1',2022-05-18T17:56:09.363203
16163,512,19,b'\x00\x00\x00\x00X2`\x00\x10`\x01\x1c\x0f\xff\x90\xe0',2022-05-18T17:56:09.363203
16164,513,19,b'\x00\x00\x00\x00V\x04p\x00\x04@\x00\x07\x0f\xff\x90\xe1',2022-05-18T17:56:09.363203
16165,514,19,b'\x00\x00\x00\x00Y*`\x00\r`\x01\x19\x0f\xff\x90\xe0',2022-05-18T17:56:09.363203
16166,515,19,b'\x00\x00\x00\x00V\x04p\x00\x05@\x00\x07\x0f\xff\x90\xe1',2022-05-18T17:56:09.363203
16167,516,19,"b'\x00\x00\x00\x00Y,p\x00\x0fp\x01\x18\x0f\xff\x90\xe0'",2022-05-18T17:56:09.363203
16168,517,19,b'\x00\x00\x00\x00V\x03`\x00\x040\x00\x06\x0f\xff\x90\xe1',2022-05-18T17:56:09.363203
16169,518,19,b'\x00\x00\x00\x00Y0`\x00\x0ep\x01\x1c\x0f\xff\x90\xe0',2022-05-18T17:56:09.363203
16170,519,19,"b'\x00\x00\x00\x00Y,P\x00\r\x10\x01\x18\x0f\xff\x90\xe0'",2022-05-18T17:56:09.363203
16171,520,19,b'\x00\x00\x00\x00V\x04`\x00\x040\x00\x06\x0f\xff\x90\xe1',2022-05-18T17:56:09.363203
16172,521,19,b'\x00\x00\x00\x00Y+`\x00\x0e`\x01\x19\x0f\xff\x90\xe0',2022-05-18T17:56:09.363203
16173,522,19,b'\x00\x00\x00\x00V\x04P\x00\x04@\x00\x06\x0f\xff\x90\xe1',2022-05-18T17:56:09.363203
16174,523,19,b'\x00\x00\x00\x00Y.P\x00\x0c@\x01\x17\x0f\xff\x90\xe0',2022-05-18T17:56:09.363203
16175,524,19,b'\x00\x00\x00\x00V\x04@\x00\x04@\x00\x07\x0f\xff\x90\xe1',2022-05-18T17:56:09.363203
16176,525,19,b'\x00\x00\x00\x00Y-`\x00\x0f@\x01\x1a\x0f\xff\x90\xe0',2022-05-18T17:56:09.363203
16177,526,19,b'\x00\x00\x00\x00W\x04P\x00\x05P\x00\x07\x0f\xff\x90\xe1',2022-05-18T17:56:09.363203
16178,527,19,b'\x00\x00\x00\x00Y.P\x00\x0cP\x01\x19\x0f\xff\x90\xe0',2022-05-18T17:56:09.363203
16179,528,19,b'\x00\x00\x00\x00W\x03@\x00\x040\x00\x05\x0f\xff\x90\xe1',2022-05-18T17:56:09.363203
16180,529,19,b'\x00\x00\x00\x00Z-P\x00\x0e@\x01\x1a\x0f\xff\x90\xe0',2022-05-18T17:56:09.363203
16181,530,19,b'\x00\x00\x00\x00W\x03@\x00\x05@\x00\x06\x0f\xff\x90\xe1',2022-05-18T17:56:09.363203
16182,531,19,b'\x00\x00\x00\x00Z*`\x00\r@\x01\x19\x0f\xff\x90\xe0',2022-05-18T17:56:09.363203
16183,532,19,b'\x00\x00\x00\x00W\x040\x00\x05@\x00\x05\x0f\xff\x90\xe1',2022-05-18T17:56:09.363203
16184,533,19,b'\x00\x00\x00\x00Z*P\x00\x0f@\x01\x17\x0f\xff\x90\xe0',2022-05-18T17:56:09.363203
16185,534,19,b'\x00\x00\x00\x00W\x04@\x00\x05P\x00\x07\x0f\xff\x90\xe1',2022-05-18T17:56:09.363203
16186,535,19,b'\x00\x00\x00\x00Z/p\x00\x10P\x01\x1c\x0f\xff\x90\xe0',2022-05-18T17:56:09.363203
16187,536,19,b'\x00\x00\x00\x00W\x05@\x00\x04@\x00\x06\x0f\xff\x90\xe1',2022-05-18T17:56:09.363203
16188,537,19,b'\x00\x00\x00\x00Z.p\x00\x10P\x01\x1d\x0f\xff\x90\xe0',2022-05-18T17:56:09.363203
16189,538,19,b'\x00\x00\x00\x00W\x05@\x00\x05@\x00\x06\x0f\xff\x90\xe1',2022-05-18T17:56:09.363203
16190,539,19,b'\x00\x00\x00\x00Z.`\x00\x10@\x01\x19\x0f\xff\x90\xe0',2022-05-18T17:56:09.363203
16191,540,19,b'\x00\x00\x00\x00W\x05P\x00\x05P\x00\x07\x0f\xff\x90\xe1',2022-05-18T17:56:09.363203
16192,541,19,b'\x00\x00\x00\x00Z/p\x00\x0f`\x01\x1b\x0f\xff\x90\xe0',2022-05-18T17:56:09.363203
16193,542,19,b'\x00\x00\x00\x00W\x05@\x00\x04P\x00\x07\x0f\xff\x90\xe1',2022-05-18T17:56:09.363203
16194,543,19,b'\x00\x00\x00\x00Z/\x80\x00\x13P\x01\x1c\x0f\xff\x90\xe0',2022-05-18T17:56:09.363203
16195,544,19,b'\x00\x00\x00\x00W\x06P\x00\x06p\x00\x08\x0f\xff\x90\xe1',2022-05-18T17:56:09.363203
16196,545,19,"b'\x00\x00\x00\x00Z,\x80\x00\x12@\x01\x1b\x0f\xff\x90\xe0'",2022-05-18T17:56:09.363203
16197,546,19,b'\x00\x00\x00\x00W\x06@\x00\x06P\x00\t\x0f\xff\x90\xe1',2022-05-18T17:56:09.363203
16198,547,19,b'\x00\x00\x00\x00[1\x80\x00\x12P\x01\x1c\x0f\xff\x90\xe0',2022-05-18T17:56:09.363203
16199,548,19,b'\x00\x00\x00\x00X\x07P\x00\x07`\x00\t\x0f\xff\x90\xe1',2022-05-18T17:56:09.363203
16200,549,19,b'\x00\x00\x00\x00[3\xb0\x00\x16@\x01\x1e\x0f\xff\x90\xe0',2022-05-18T17:56:09.363203
16201,550,19,b'\x00\x00\x00\x00X\x06`\x00\x08`\x00\n\x0f\xff\x90\xe1',2022-05-18T17:56:09.363203
16202,551,19,"b'\x00\x00\x00\x00[.\xb0\x00\x18p\x01""\x0f\xff\x90\xe0'",2022-05-18T17:56:09.363203
16203,552,19,b'\x00\x00\x00\x00X\x07P\x00\x08`\x00\x0b\x0f\xff\x90\xe1',2022-05-18T17:56:09.363203
16204,553,19,b'\x00\x00\x00\x00[3\xc0\x00\x19`\x01$\x0f\xff\x90\xe0',2022-05-18T17:56:09.363203
16205,554,19,b'\x00\x00\x00\x00X\t`\x00\t`\x00\x0c\x0f\xff\x90\xe1',2022-05-18T17:56:09.363203
16206,555,19,"b'\x00\x00\x00\x00[.\xc0\x00\x19P\x01""\x0f\xff\x90\xe0'",2022-05-18T17:56:09.363203
16207,556,19,b'\x00\x00\x00\x00X\x08P\x00\np\x00\x0c\x0f\xff\x90\xe1',2022-05-18T17:56:09.363203
16208,557,19,b'\x00\x00\x00\x00[4\xe0\x00\x1bp\x01$\x0f\xff\x90\xe0',2022-05-18T17:56:09.363203
16209,558,19,b'\x00\x00\x00\x00Y\x08p\x00\x0c\x90\x00\x0e\x0f\xff\x90\xe1',2022-05-18T17:56:09.363203
16210,559,19,b'\x00\x00\x00\x00[1\xe0\x00\x1d\x80\x01&\x0f\xff\x90\xe0',2022-05-18T17:56:09.363203
16211,560,19,b'\x00\x00\x00\x00Y\x0bp\x00\x0f\x90\x00\x11\x0f\xff\x90\xe1',2022-05-18T17:56:09.363203
16212,561,19,"b""\x00\x00\x00\x00[5\x00\x01 \xb0\x01'\x0f\xff\x90\xe0""",2022-05-18T17:56:09.363203
16213,562,19,b'\x00\x00\x00\x00Y\n\x80\x00\r\x80\x00\x0e\x0f\xff\x90\xe1',2022-05-18T17:56:09.363203
16214,563,19,b'\x00\x00\x00\x00[1\x10\x01 \xd0\x01*\x0f\xff\x90\xe0',2022-05-18T17:56:09.363203
16215,564,19,b'\x00\x00\x00\x00Y\np\x00\x10\xa0\x00\x11\x0f\xff\x90\xe1',2022-05-18T17:56:09.363203
16216,565,19,b'\x00\x00\x00\x00[8 \x01%\xc0\x01-\x0f\xff\x90\xe0',2022-05-18T17:56:09.363203
16217,566,19,b'\x00\x00\x00\x00Y\x0c\x80\x00\x11\x90\x00\x11\x0f\xff\x90\xe1',2022-05-18T17:56:09.363203
16218,567,19,b'\x00\x00\x00\x00[-@\x01#\xb0\x01+\x0f\xff\x90\xe0',2022-05-18T17:56:09.363203
16219,568,19,b'\x00\x00\x00\x00Y\x0e\x90\x00\x11\x90\x00\x13\x0f\xff\x90\xe1',2022-05-18T17:56:09.363203
16220,569,19,"b'\x00\x00\x00\x00[3@\x01$\xc0\x01,\x0f\xff\x90\xe0'",2022-05-18T17:56:09.363203
16221,570,19,b'\x00\x00\x00\x00Z\x0e\x90\x00\x14\xd0\x00\x15\x0f\xff\x90\xe1',2022-05-18T17:56:09.363203
16222,571,19,"b""\x00\x00\x00\x00[4`\x01'\xc0\x010\x0f\xff\x90\xe0""",2022-05-18T17:56:09.363203
16223,572,19,b'\x00\x00\x00\x00Z\x0e\x90\x00\x14\xb0\x00\x14\x0f\xff\x90\xe1',2022-05-18T17:56:09.363203
16224,573,19,b'\x00\x00\x00\x00[2p\x01&\xe0\x011\x0f\xff\x90\xe0',2022-05-18T17:56:09.363203
16225,574,19,b'\x00\x00\x00\x00Z\x0e\xa0\x00\x16\xc0\x00\x16\x0f\xff\x90\xe1',2022-05-18T17:56:09.363203
16226,575,19,"b""\x00\x00\x00\x00[1P\x01'\xc0\x01.\x0f\xff\x90\xe0""",2022-05-18T17:56:09.363203
16227,576,19,b'\x00\x00\x00\x00Z\x0f\xa0\x00\x15\xd0\x00\x15\x0f\xff\x90\xe1',2022-05-18T17:56:09.363203
16228,577,19,"b""\x00\x00\x00\x00[2`\x01'\xe0\x012\x0f\xff\x90\xe0""",2022-05-18T17:56:09.363203
16229,578,19,b'\x00\x00\x00\x00Z\x0f\xb0\x00\x16\xc0\x00\x15\x0f\xff\x90\xe1',2022-05-18T17:56:09.363203
16230,579,19,b'\x00\x00\x00\x00[2\x90\x01)\x00\x024\x0f\xff\x90\xe0',2022-05-18T17:56:09.363203
16231,580,19,b'\x00\x00\x00\x00Z\x10\xb0\x00\x19\xd0\x00\x18\x0f\xff\x90\xe1',2022-05-18T17:56:09.363203
16232,581,19,"b""\x00\x00\x00\x00[1\x90\x01'\x00\x022\x0f\xff\x90\xe0""",2022-05-18T17:56:09.363203
16233,582,19,b'\x00\x00\x00\x00Z\x11\xc0\x00\x17\xe0\x00\x18\x0f\xff\x90\xe1',2022-05-18T17:56:09.363203
16234,583,19,b'\x00\x00\x00\x00\\2\x80\x01*\x00\x022\x0f\xff\x90\xe0',2022-05-18T17:56:09.363203
16235,584,19,b'\x00\x00\x00\x00Z\x10\xc0\x00\x19\xd0\x00\x19\x0f\xff\x90\xe1',2022-05-18T17:56:09.363203
16236,585,19,"b""\x00\x00\x00\x00\\4\x90\x01'\xf0\x012\x0f\xff\x90\xe0""",2022-05-18T17:56:09.363203
16237,586,19,b'\x00\x00\x00\x00Z\x12\xd0\x00\x19\xe0\x00\x1a\x0f\xff\x90\xe1',2022-05-18T17:56:09.363203
16238,587,19,b'\x00\x00\x00\x00\\0\x90\x01)\xf0\x011\x0f\xff\x90\xe0',2022-05-18T17:56:09.363203
16239,588,19,b'\x00\x00\x00\x00Z\x0f\xb0\x00\x18\xe0\x00\x18\x0f\xff\x90\xe1',2022-05-18T17:56:09.363203
16240,589,19,"b""\x00\x00\x00\x00\\0\x80\x01'\xd0\x01.\x0f\xff\x90\xe0""",2022-05-18T17:56:09.363203
16241,590,19,b'\x00\x00\x00\x00Z\x11\xb0\x00\x1a\xf0\x00\x1a\x0f\xff\x90\xe1',2022-05-18T17:56:09.363203
16242,591,19,"b'\x00\x00\x00\x00\\5\x80\x01,\x10\x025\x0f\xff\x90\xe0'",2022-05-18T17:56:09.363203
16243,592,19,b'\x00\x00\x00\x00Z\x10\xc0\x00\x1c\xf0\x00\x1b\x0f\xff\x90\xe1',2022-05-18T17:56:09.363203
16244,593,19,b'\x00\x00\x00\x00\\3\x80\x01(\x10\x023\x0f\xff\x90\xe0',2022-05-18T17:56:09.363203
16245,594,19,b'\x00\x00\x00\x00Z\x10\xc0\x00\x17\xc0\x00\x16\x0f\xff\x90\xe1',2022-05-18T17:56:09.363203
16246,595,19,b'\x00\x00\x00\x00\\7\x80\x01)\xe0\x011\x0f\xff\x90\xe0',2022-05-18T17:56:09.363203
16247,596,19,b'\x00\x00\x00\x00Z\x10\xb0\x00\x1a\xd0\x00\x18\x0f\xff\x90\xe1',2022-05-18T17:56:09.363203
16248,597,19,b'\x00\x00\x00\x00\\.p\x01#\xc0\x01-\x0f\xff\x90\xe0',2022-05-18T17:56:09.363203
16249,598,19,b'\x00\x00\x00\x00Z\x0f\xb0\x00\x17\xd0\x00\x17\x0f\xff\x90\xe1',2022-05-18T17:56:09.363203
16250,599,19,"b'\x00\x00\x00\x00\\&`\x01""\xe0\x01(\x0f\xff\x90\xe0'",2022-05-18T17:56:09.363203
16251,600,19,b'\x00\x00\x00\x00Z\r\xa0\x00\x14\xc0\x00\x14\x0f\xff\x90\xe1',2022-05-18T17:56:09.363203
16252,601,19,"b""\x00\x00\x00\x00\\%0\x01\x1f\xb0\x01'\x0f\xff\x90\xe0""",2022-05-18T17:56:09.363203
16253,602,19,b'\x00\x00\x00\x00Z\r\xb0\x00\x14\xb0\x00\x16\x0f\xff\x90\xe1',2022-05-18T17:56:09.363203
16254,603,19,b'\x00\x00\x00\x00\\.@\x01$\xd0\x01*\x0f\xff\x90\xe0',2022-05-18T17:56:09.363203
16255,604,19,b'\x00\x00\x00\x00Z\r\xa0\x00\x13\xb0\x00\x14\x0f\xff\x90\xe1',2022-05-18T17:56:09.363203
16256,605,19,b'\x00\x00\x00\x00\\00\x01#\xa0\x01)\x0f\xff\x90\xe0',2022-05-18T17:56:09.363203
16257,606,19,b'\x00\x00\x00\x00Z\x0c\x90\x00\x12\xb0\x00\x13\x0f\xff\x90\xe1',2022-05-18T17:56:09.363203
16258,607,19,"b'\x00\x00\x00\x00\\. \x01""\xa0\x01(\x0f\xff\x90\xe0'",2022-05-18T17:56:09.363203
16259,608,19,b'\x00\x00\x00\x00Z\r\xa0\x00\x12\xa0\x00\x13\x0f\xff\x90\xe1',2022-05-18T17:56:09.363203
16260,609,19,b'\x00\x00\x00\x00\\0\x10\x01\x1fp\x01%\x0f\xff\x90\xe0',2022-05-18T17:56:09.363203
16261,610,19,b'\x00\x00\x00\x00Z\x08p\x00\x0ep\x00\r\x0f\xff\x90\xe1',2022-05-18T17:56:09.363203
16262,611,19,b'\x00\x00\x00\x00E\x00\x00\x00\x00\x00\x00\x00\x00\x00\x00\x08\x00\x00\x00\x00G\x00\x00\x00\x00\x00\x00\x00\x00\x00\x00\t',2022-05-18T19:25:59.442585
16263,612,19,b'\x00\x00\x00\x00F\x00\x00\x00\x00\x00\x00\x00\xb8\xcbv0',2022-05-18T19:25:59.442585
16264,613,19,b'\x00\x00\x00\x00H\x01\x00\x00\x00\x00\x00\x00\xc4\xc9v1',2022-05-18T19:25:59.442585
16265,614,19,b'\x00\x00\x00\x00GF\x00\x00\x00\x00\x00\x00\xb8\xcbv0',2022-05-18T19:25:59.442585
16266,615,19,b'\x00\x00\x00\x00I\xe3\x10\x00\x00\x10\x01\x03\xc4\xc9v1',2022-05-18T19:25:59.442585
16267,616,19,b'\x00\x00\x00\x00H\x18\x00\x00\x00\x00\x00\x00\x00\x00\x00\xc4',2022-05-18T19:25:59.442585
16268,617,19,b'\x00\x00\x00\x00J\x90\x00\x00\x00\x90\x00\x01\x00\x00\x00\xc5',2022-05-18T19:25:59.442585
16269,618,19,b'\x00\x00\x00\x00H\x00\x00\x00\x00\x00\x00\x00\x00\x00\x00\xb0',2022-05-18T19:25:59.442585
16270,619,19,b'\x00\x00\x00\x00K\x00\x00\x00\x00\x00\x00\x00\x00\x00\x00\xb1',2022-05-18T19:25:59.442585
16271,620,19,b'\x00\x00\x00\x00I\x00\x00\x00\x00\x00\x00\x00\xa0\x8f>\x00',2022-05-18T19:25:59.442585
16272,621,19,b'\x00\x00\x00\x00K\x00\x00\x00\x00\x00\x00\x00\xa0\x8f>\x01',2022-05-18T19:25:59.442585
16273,622,19,b'\x00\x00\x00\x00J\x00\x00\x00\x00\x00\x00\x00\xa0\x8f>\x00',2022-05-18T19:25:59.442585
16274,623,19,b'\x00\x00\x00\x00L\x00\x00\x00\x00\x00\x00\x00\xa0\x8f>\x01',2022-05-18T19:25:59.442585
16275,624,19,b'\x00\x00\x00\x00J\x00\x00\x00\x00\x00\x00\x00\x00\x00\x00\x00',2022-05-18T19:25:59.442585
16276,625,19,b'\x00\x00\x00\x00L\x01\x00\x00\x00\x00\x00\x00\x00\x00\x00\x01',2022-05-18T19:25:59.442585
16277,626,19,b'\x00\x00\x00\x00K\x00\x00\x00\x00\x00\x00\x00\xa0\x8f>\x00',2022-05-18T19:25:59.442585
16278,627,19,b'\x00\x00\x00\x00M\x00\x00\x00\x00\x00\x00\x00\xa0\x8f>\x01',2022-05-18T19:25:59.442585
16279,628,19,b'\x00\x00\x00\x00K\x01\x00\x00\x01\x10\x00\x00\xa0\x8f>\x00',2022-05-18T19:25:59.442585
16280,629,19,b'\x00\x00\x00\x00M\x00\x00\x00\x00\x00\x00\x00\xa0\x8f>\x01',2022-05-18T19:25:59.442585
16281,630,19,b'\x00\x00\x00\x00L\x00\x00\x00\x00\x00\x00\x00\xa0\x8f>\x00',2022-05-18T19:25:59.442585
16282,631,19,b'\x00\x00\x00\x00M\x00\x00\x00\x00\x00\x00\x00\xa0\x8f>\x01',2022-05-18T19:25:59.442585
16283,632,19,b'\x00\x00\x00\x00L\x00\x00\x00\x00\x00\x00\x00\xa0\x8f>\x00',2022-05-18T19:25:59.442585
16284,633,19,b'\x00\x00\x00\x00N\x00\x00\x00\x00\x00\x00\x00\xa0\x8f>\x01',2022-05-18T19:25:59.442585
16285,634,19,b'\x00\x00\x00\x00M\x00\x00\x00\x00\x00\x00\x00\xa0\x8f>\x00',2022-05-18T19:25:59.442585
16286,635,19,b'\x00\x00\x00\x00N\x00\x00\x00\x00\x00\x00\x00\xa0\x8f>\x01',2022-05-18T19:25:59.442585
16287,636,19,b'\x00\x00\x00\x00M\x00\x00\x00\x00\x00\x00\x00\xa0\x8f>\x00',2022-05-18T19:25:59.442585
16288,637,19,b'\x00\x00\x00\x00N\x00\x00\x00\x00\x00\x00\x00\xa0\x8f>\x01',2022-05-18T19:25:59.442585
16289,638,19,b'\x00\x00\x00\x00M\x08 \x00\x04`\x00\x06\x0f\xff\x90\xe0',2022-05-18T19:25:59.442585
16290,639,19,b'\x00\x00\x00\x00O\x00\x00\x00\x00\x00\x00\x00\x0f\xff\x90\xe1',2022-05-18T19:25:59.442585
16291,640,19,"b'\x00\x00\x00\x00N1\xb0\x00\x1d\xb0\x02,\x0f\xff\x90\xe0'",2022-05-18T19:25:59.442585
16292,641,19,b'\x00\x00\x00\x00O\x07`\x05\x08`\x00%\x0f\xff\x90\xe1',2022-05-18T19:25:59.442585
16293,642,19,b'\x00\x00\x00\x00N.\xa0\x00\x1b\xb0\x02*\x0f\xff\x90\xe0',2022-05-18T19:25:59.442585
16294,643,19,b'\x00\x00\x00\x00O\x06\x00\x06\t`\x00$\x0f\xff\x90\xe1',2022-05-18T19:25:59.442585
16295,644,19,b'\x00\x00\x00\x00N4\xb0\x00\x1d\xc0\x021\x0f\xff\x90\xe0',2022-05-18T19:25:59.442585
16296,645,19,b'\x00\x00\x00\x00O\x07\xf0\x06\tp\x00-\x0f\xff\x90\xe1',2022-05-18T19:25:59.442585
16297,646,19,b'\x00\x00\x00\x00O4\x90\x00\x1e\xc0\x02+\x0f\xff\x90\xe0',2022-05-18T19:25:59.442585
16298,647,19,b'\x00\x00\x00\x00P\x07\xf0\x06\n`\x00+\x0f\xff\x90\xe1',2022-05-18T19:25:59.442585
16299,648,19,b'\x00\x00\x00\x00O1\xa0\x00\x1c\xa0\x02(\x0f\xff\x90\xe0',2022-05-18T19:25:59.442585
16300,649,19,"b'\x00\x00\x00\x00P\x07\xe0\x06\x0b\x80\x00,\x0f\xff\x90\xe1'",2022-05-18T19:25:59.442585
16301,650,19,b'\x00\x00\x00\x00O4\xb0\x00\x1e\xb0\x02-\x0f\xff\x90\xe0',2022-05-18T19:25:59.442585
16302,651,19,b'\x00\x00\x00\x00P\x08\x10\x05\n\x90\x00$\x0f\xff\x90\xe1',2022-05-18T19:25:59.442585
16303,652,19,b'\x00\x00\x00\x00O4\xc0\x00\x1f\xb0\x020\x0f\xff\x90\xe0',2022-05-18T19:25:59.442585
16304,653,19,"b""\x00\x00\x00\x00P\t\xc0\x05\x0c\xa0\x00'\x0f\xff\x90\xe1""",2022-05-18T19:25:59.442585
16305,654,19,b'\x00\x00\x00\x00P9\xc0\x00 \xf0\x021\x0f\xff\x90\xe0',2022-05-18T19:25:59.442585
16306,655,19,b'\x00\x00\x00\x00Q\n\x90\x04\r\xa0\x00$\x0f\xff\x90\xe1',2022-05-18T19:25:59.442585
16307,656,19,b'\x00\x00\x00\x00P5\xd0\x00#\xf0\x022\x0f\xff\x90\xe0',2022-05-18T19:25:59.442585
16308,657,19,b'\x00\x00\x00\x00Q\x0b`\x04\x0e\x90\x00 \x0f\xff\x90\xe1',2022-05-18T19:25:59.442585
16309,658,19,"b'\x00\x00\x00\x00P2\xe0\x00""\xc0\x023\x0f\xff\x90\xe0'",2022-05-18T19:25:59.442585
